File,LOC,SLOC-P,SLOC-L,MVG,BLOC,C&SLOC,CLOC,CWORD,HCLOC,HCWORD
C:\Users\Sarthak\Desktop\jfreechart-0.9.14\src\org\jfree\chart\AbstractTitle.java,562,212,145,48,85,0,265,1593,45,304
C:\Users\Sarthak\Desktop\jfreechart-0.9.14\src\org\jfree\chart\ChartColor.java,184,71,33,1,33,0,80,491,36,217
C:\Users\Sarthak\Desktop\jfreechart-0.9.14\src\org\jfree\chart\ChartFactory.java,1455,767,477,78,191,2,497,3120,76,564
C:\Users\Sarthak\Desktop\jfreechart-0.9.14\src\org\jfree\chart\ChartFrame.java,96,23,17,2,11,0,62,317,38,229
C:\Users\Sarthak\Desktop\jfreechart-0.9.14\src\org\jfree\chart\ChartMouseEvent.java,104,22,17,3,13,0,69,385,39,250
C:\Users\Sarthak\Desktop\jfreechart-0.9.14\src\org\jfree\chart\ChartMouseListener.java,65,5,4,0,6,0,54,308,38,238
C:\Users\Sarthak\Desktop\jfreechart-0.9.14\src\org\jfree\chart\ChartPanel.java,1838,972,685,112,264,10,602,3503,80,627
C:\Users\Sarthak\Desktop\jfreechart-0.9.14\src\org\jfree\chart\ChartPanelConstants.java,109,23,22,0,24,0,62,414,37,230
C:\Users\Sarthak\Desktop\jfreechart-0.9.14\src\org\jfree\chart\ChartRenderingInfo.java,193,49,37,5,27,0,117,684,41,255
C:\Users\Sarthak\Desktop\jfreechart-0.9.14\src\org\jfree\chart\ChartUtilities.java,698,233,128,10,88,0,377,2075,53,369
C:\Users\Sarthak\Desktop\jfreechart-0.9.14\src\org\jfree\chart\ClipPath.java,397,157,115,19,54,0,186,869,39,232
C:\Users\Sarthak\Desktop\jfreechart-0.9.14\src\org\jfree\chart\CrosshairInfo.java,226,69,49,6,31,0,126,707,39,237
C:\Users\Sarthak\Desktop\jfreechart-0.9.14\src\org\jfree\chart\DateTitle.java,163,34,18,0,17,0,112,713,40,254
C:\Users\Sarthak\Desktop\jfreechart-0.9.14\src\org\jfree\chart\DefaultShapeFactory.java,94,17,12,4,10,0,67,422,38,231
C:\Users\Sarthak\Desktop\jfreechart-0.9.14\src\org\jfree\chart\DrawableLegendItem.java,256,73,54,9,33,0,150,706,39,246
C:\Users\Sarthak\Desktop\jfreechart-0.9.14\src\org\jfree\chart\Effect3D.java,63,5,4,0,5,0,53,296,37,225
C:\Users\Sarthak\Desktop\jfreechart-0.9.14\src\org\jfree\chart\ImageTitle.java,367,158,105,20,53,0,156,943,44,301
C:\Users\Sarthak\Desktop\jfreechart-0.9.14\src\org\jfree\chart\IntervalMarker.java,135,32,24,4,17,0,86,428,38,235
C:\Users\Sarthak\Desktop\jfreechart-0.9.14\src\org\jfree\chart\JFreeChart.java,1397,657,425,85,185,7,555,2993,87,683
C:\Users\Sarthak\Desktop\jfreechart-0.9.14\src\org\jfree\chart\JFreeChartConstants.java,72,13,12,0,11,0,48,280,38,231
C:\Users\Sarthak\Desktop\jfreechart-0.9.14\src\org\jfree\chart\Legend.java,281,89,64,15,37,1,155,863,47,306
C:\Users\Sarthak\Desktop\jfreechart-0.9.14\src\org\jfree\chart\LegendItem.java,138,32,22,4,18,0,88,420,41,251
C:\Users\Sarthak\Desktop\jfreechart-0.9.14\src\org\jfree\chart\LegendItemCollection.java,110,24,17,3,12,0,74,362,38,231
C:\Users\Sarthak\Desktop\jfreechart-0.9.14\src\org\jfree\chart\LegendItemLayout.java,56,4,3,0,5,0,47,262,36,216
C:\Users\Sarthak\Desktop\jfreechart-0.9.14\src\org\jfree\chart\LegendTitle.java,108,16,11,0,14,0,78,450,35,215
C:\Users\Sarthak\Desktop\jfreechart-0.9.14\src\org\jfree\chart\Marker.java,343,126,97,21,48,0,169,729,43,278
C:\Users\Sarthak\Desktop\jfreechart-0.9.14\src\org\jfree\chart\MarkerLabelPosition.java,112,32,21,8,17,0,63,299,35,208
C:\Users\Sarthak\Desktop\jfreechart-0.9.14\src\org\jfree\chart\MeterLegend.java,453,233,167,32,59,4,161,848,41,266
C:\Users\Sarthak\Desktop\jfreechart-0.9.14\src\org\jfree\chart\SeriesShapeFactory.java,173,57,42,15,14,0,102,518,38,226
C:\Users\Sarthak\Desktop\jfreechart-0.9.14\src\org\jfree\chart\ShapeFactory.java,84,8,5,0,7,0,69,392,38,226
C:\Users\Sarthak\Desktop\jfreechart-0.9.14\src\org\jfree\chart\Spacer.java,290,108,83,19,51,0,131,723,38,232
C:\Users\Sarthak\Desktop\jfreechart-0.9.14\src\org\jfree\chart\StandardLegend.java,925,469,332,77,122,1,334,1893,54,420
C:\Users\Sarthak\Desktop\jfreechart-0.9.14\src\org\jfree\chart\StandardLegendItemLayout.java,165,66,53,5,26,2,73,421,37,222
C:\Users\Sarthak\Desktop\jfreechart-0.9.14\src\org\jfree\chart\TextTitle.java,553,245,162,38,82,0,226,1128,53,364
C:\Users\Sarthak\Desktop\jfreechart-0.9.14\src\org\jfree\chart\annotations\CategoryAnnotation.java,69,10,8,0,7,0,52,282,37,220
C:\Users\Sarthak\Desktop\jfreechart-0.9.14\src\org\jfree\chart\annotations\CategoryTextAnnotation.java,238,100,67,13,30,0,108,486,39,242
C:\Users\Sarthak\Desktop\jfreechart-0.9.14\src\org\jfree\chart\annotations\TextAnnotation.java,284,95,75,13,41,0,148,631,41,256
C:\Users\Sarthak\Desktop\jfreechart-0.9.14\src\org\jfree\chart\annotations\XYAnnotation.java,69,9,7,0,7,0,53,306,39,245
C:\Users\Sarthak\Desktop\jfreechart-0.9.14\src\org\jfree\chart\annotations\XYDrawableAnnotation.java,164,61,47,8,25,0,78,391,36,212
C:\Users\Sarthak\Desktop\jfreechart-0.9.14\src\org\jfree\chart\annotations\XYLineAnnotation.java,212,82,68,8,34,0,96,483,37,225
C:\Users\Sarthak\Desktop\jfreechart-0.9.14\src\org\jfree\chart\annotations\XYPointerAnnotation.java,424,170,134,16,59,0,195,961,40,249
C:\Users\Sarthak\Desktop\jfreechart-0.9.14\src\org\jfree\chart\annotations\XYShapeAnnotation.java,121,40,34,0,15,0,66,340,36,215
C:\Users\Sarthak\Desktop\jfreechart-0.9.14\src\org\jfree\chart\annotations\XYTextAnnotation.java,167,56,36,3,20,0,91,468,41,251
C:\Users\Sarthak\Desktop\jfreechart-0.9.14\src\org\jfree\chart\annotations\junit\AnnotationsPackageTests.java,80,19,16,1,8,0,53,271,36,212
C:\Users\Sarthak\Desktop\jfreechart-0.9.14\src\org\jfree\chart\annotations\junit\CategoryTextAnnotationTests.java,151,67,57,1,21,0,63,298,36,214
C:\Users\Sarthak\Desktop\jfreechart-0.9.14\src\org\jfree\chart\annotations\junit\TextAnnotationTests.java,124,45,41,1,19,0,60,282,36,214
C:\Users\Sarthak\Desktop\jfreechart-0.9.14\src\org\jfree\chart\annotations\junit\XYDrawableAnnotationTests.java,133,55,45,1,18,0,60,295,36,214
C:\Users\Sarthak\Desktop\jfreechart-0.9.14\src\org\jfree\chart\annotations\junit\XYLineAnnotationTests.java,138,60,50,1,18,0,60,295,36,214
C:\Users\Sarthak\Desktop\jfreechart-0.9.14\src\org\jfree\chart\annotations\junit\XYPointerAnnotationTests.java,186,90,80,1,27,0,69,328,37,223
C:\Users\Sarthak\Desktop\jfreechart-0.9.14\src\org\jfree\chart\annotations\junit\XYTextAnnotationTests.java,132,54,44,1,18,0,60,295,36,214
C:\Users\Sarthak\Desktop\jfreechart-0.9.14\src\org\jfree\chart\axis\Axis.java,995,416,298,59,147,0,432,2315,60,438
C:\Users\Sarthak\Desktop\jfreechart-0.9.14\src\org\jfree\chart\axis\AxisCollection.java,129,41,30,5,16,0,72,456,36,213
C:\Users\Sarthak\Desktop\jfreechart-0.9.14\src\org\jfree\chart\axis\AxisConstants.java,100,22,21,0,18,0,60,374,42,266
C:\Users\Sarthak\Desktop\jfreechart-0.9.14\src\org\jfree\chart\axis\AxisLocation.java,137,46,32,14,18,0,73,369,38,229
C:\Users\Sarthak\Desktop\jfreechart-0.9.14\src\org\jfree\chart\axis\AxisSpace.java,376,179,108,28,34,0,163,693,38,226
C:\Users\Sarthak\Desktop\jfreechart-0.9.14\src\org\jfree\chart\axis\AxisState.java,169,44,31,3,19,0,106,484,37,222
C:\Users\Sarthak\Desktop\jfreechart-0.9.14\src\org\jfree\chart\axis\CategoryAnchor.java,128,40,29,13,17,0,71,333,36,212
C:\Users\Sarthak\Desktop\jfreechart-0.9.14\src\org\jfree\chart\axis\CategoryAxis.java,1021,518,343,58,128,2,375,2003,48,320
C:\Users\Sarthak\Desktop\jfreechart-0.9.14\src\org\jfree\chart\axis\CategoryAxis3D.java,134,42,32,5,16,0,76,439,41,261
C:\Users\Sarthak\Desktop\jfreechart-0.9.14\src\org\jfree\chart\axis\CategoryLabelPosition.java,165,52,38,11,25,0,88,442,36,214
C:\Users\Sarthak\Desktop\jfreechart-0.9.14\src\org\jfree\chart\axis\CategoryTick.java,108,28,19,3,14,0,66,307,36,212
C:\Users\Sarthak\Desktop\jfreechart-0.9.14\src\org\jfree\chart\axis\ColorBar.java,435,207,157,23,62,2,166,819,44,291
C:\Users\Sarthak\Desktop\jfreechart-0.9.14\src\org\jfree\chart\axis\DateAxis.java,1492,793,574,105,198,1,501,2879,76,596
C:\Users\Sarthak\Desktop\jfreechart-0.9.14\src\org\jfree\chart\axis\DateTick.java,81,14,10,1,11,0,56,309,36,212
C:\Users\Sarthak\Desktop\jfreechart-0.9.14\src\org\jfree\chart\axis\DateTickMarkPosition.java,110,30,20,8,16,0,64,314,36,212
C:\Users\Sarthak\Desktop\jfreechart-0.9.14\src\org\jfree\chart\axis\DateTickUnit.java,330,113,87,20,49,0,168,864,39,248
C:\Users\Sarthak\Desktop\jfreechart-0.9.14\src\org\jfree\chart\axis\LogarithmicAxis.java,914,465,318,88,78,60,371,2752,68,512
C:\Users\Sarthak\Desktop\jfreechart-0.9.14\src\org\jfree\chart\axis\MarkerAxisBand.java,235,105,82,11,31,0,99,502,41,259
C:\Users\Sarthak\Desktop\jfreechart-0.9.14\src\org\jfree\chart\axis\NumberAxis.java,1208,656,536,73,163,1,389,2441,67,525
C:\Users\Sarthak\Desktop\jfreechart-0.9.14\src\org\jfree\chart\axis\NumberAxis3D.java,147,43,34,4,17,0,87,575,58,424
C:\Users\Sarthak\Desktop\jfreechart-0.9.14\src\org\jfree\chart\axis\NumberTick.java,79,13,9,1,10,0,56,303,36,212
C:\Users\Sarthak\Desktop\jfreechart-0.9.14\src\org\jfree\chart\axis\NumberTickUnit.java,90,16,12,1,9,0,65,346,41,257
C:\Users\Sarthak\Desktop\jfreechart-0.9.14\src\org\jfree\chart\axis\SegmentedTimeline.java,1537,567,397,116,163,1,807,4905,37,220
C:\Users\Sarthak\Desktop\jfreechart-0.9.14\src\org\jfree\chart\axis\StandardTickUnitSource.java,94,19,15,3,9,0,66,347,36,212
C:\Users\Sarthak\Desktop\jfreechart-0.9.14\src\org\jfree\chart\axis\SymbolicAxis.java,721,405,290,52,73,3,243,1455,51,353
C:\Users\Sarthak\Desktop\jfreechart-0.9.14\src\org\jfree\chart\axis\SymbolicTickUnit.java,92,22,16,1,9,0,61,356,40,247
C:\Users\Sarthak\Desktop\jfreechart-0.9.14\src\org\jfree\chart\axis\Tick.java,140,34,26,6,18,0,88,444,41,262
C:\Users\Sarthak\Desktop\jfreechart-0.9.14\src\org\jfree\chart\axis\TickUnit.java,152,44,30,15,18,0,90,493,40,251
C:\Users\Sarthak\Desktop\jfreechart-0.9.14\src\org\jfree\chart\axis\TickUnits.java,437,240,221,18,52,0,145,785,47,306
C:\Users\Sarthak\Desktop\jfreechart-0.9.14\src\org\jfree\chart\axis\TickUnitSource.java,78,6,5,0,7,0,65,343,36,212
C:\Users\Sarthak\Desktop\jfreechart-0.9.14\src\org\jfree\chart\axis\Timeline.java,147,11,10,0,12,0,124,741,37,225
C:\Users\Sarthak\Desktop\jfreechart-0.9.14\src\org\jfree\chart\axis\ValueAxis.java,1431,646,474,88,189,0,596,3352,69,549
C:\Users\Sarthak\Desktop\jfreechart-0.9.14\src\org\jfree\chart\axis\ValueTick.java,78,13,9,1,9,0,56,304,36,212
C:\Users\Sarthak\Desktop\jfreechart-0.9.14\src\org\jfree\chart\axis\junit\AxisLocationTests.java,125,50,42,1,15,0,60,289,36,214
C:\Users\Sarthak\Desktop\jfreechart-0.9.14\src\org\jfree\chart\axis\junit\AxisPackageTests.java,86,24,21,1,8,0,54,278,37,219
C:\Users\Sarthak\Desktop\jfreechart-0.9.14\src\org\jfree\chart\axis\junit\AxisSpaceTests.java,90,26,20,1,10,0,54,269,36,214
C:\Users\Sarthak\Desktop\jfreechart-0.9.14\src\org\jfree\chart\axis\junit\AxisTests.java,201,99,92,1,29,0,73,329,36,214
C:\Users\Sarthak\Desktop\jfreechart-0.9.14\src\org\jfree\chart\axis\junit\CategoryAxis3DTests.java,121,49,40,1,15,0,57,281,36,214
C:\Users\Sarthak\Desktop\jfreechart-0.9.14\src\org\jfree\chart\axis\junit\CategoryAxisTests.java,151,66,56,1,21,0,64,305,37,221
C:\Users\Sarthak\Desktop\jfreechart-0.9.14\src\org\jfree\chart\axis\junit\ColorBarTests.java,121,49,40,1,15,0,57,281,36,214
C:\Users\Sarthak\Desktop\jfreechart-0.9.14\src\org\jfree\chart\axis\junit\DateAxisTests.java,252,131,116,2,36,0,85,369,36,214
C:\Users\Sarthak\Desktop\jfreechart-0.9.14\src\org\jfree\chart\axis\junit\DateTickUnitTests.java,104,36,30,1,14,0,54,274,36,214
C:\Users\Sarthak\Desktop\jfreechart-0.9.14\src\org\jfree\chart\axis\junit\LogarithmicAxisTests.java,104,36,30,1,14,0,54,274,36,214
C:\Users\Sarthak\Desktop\jfreechart-0.9.14\src\org\jfree\chart\axis\junit\MarkerAxisBandTests.java,104,36,30,1,14,0,54,274,36,214
C:\Users\Sarthak\Desktop\jfreechart-0.9.14\src\org\jfree\chart\axis\junit\NumberAxis3DTests.java,104,36,30,1,14,0,54,274,36,214
C:\Users\Sarthak\Desktop\jfreechart-0.9.14\src\org\jfree\chart\axis\junit\NumberAxisTests.java,285,165,123,2,31,0,89,407,37,223
C:\Users\Sarthak\Desktop\jfreechart-0.9.14\src\org\jfree\chart\axis\junit\SegmentedTimelineTests.java,1152,556,421,29,142,2,454,2251,36,209
C:\Users\Sarthak\Desktop\jfreechart-0.9.14\src\org\jfree\chart\axis\junit\SymbolicAxisTests.java,105,37,32,1,14,0,54,274,36,214
C:\Users\Sarthak\Desktop\jfreechart-0.9.14\src\org\jfree\chart\axis\junit\ValueAxisTests.java,209,96,89,1,34,0,79,328,36,214
C:\Users\Sarthak\Desktop\jfreechart-0.9.14\src\org\jfree\chart\demo\AreaChartDemo.java,178,82,65,1,28,7,68,353,39,238
C:\Users\Sarthak\Desktop\jfreechart-0.9.14\src\org\jfree\chart\demo\BarChart3DDemo1.java,128,49,34,1,17,8,62,324,38,231
C:\Users\Sarthak\Desktop\jfreechart-0.9.14\src\org\jfree\chart\demo\BarChart3DDemo2.java,150,66,51,1,19,8,65,338,39,236
C:\Users\Sarthak\Desktop\jfreechart-0.9.14\src\org\jfree\chart\demo\BarChartDemo.java,205,91,68,2,34,7,80,404,41,253
C:\Users\Sarthak\Desktop\jfreechart-0.9.14\src\org\jfree\chart\demo\BarChartDemo2.java,134,53,37,0,21,5,60,330,37,221
C:\Users\Sarthak\Desktop\jfreechart-0.9.14\src\org\jfree\chart\demo\BarChartDemo3.java,183,76,56,1,27,5,80,414,38,233
C:\Users\Sarthak\Desktop\jfreechart-0.9.14\src\org\jfree\chart\demo\BarChartDemo4.java,176,69,49,2,31,7,76,377,36,214
C:\Users\Sarthak\Desktop\jfreechart-0.9.14\src\org\jfree\chart\demo\BoxAndWhiskerDemo.java,140,59,47,4,21,1,60,313,39,247
C:\Users\Sarthak\Desktop\jfreechart-0.9.14\src\org\jfree\chart\demo\BubblePlotDemo.java,123,49,36,1,14,0,60,292,36,214
C:\Users\Sarthak\Desktop\jfreechart-0.9.14\src\org\jfree\chart\demo\BubblyBubblesDemo.java,183,77,61,3,33,1,73,356,36,218
C:\Users\Sarthak\Desktop\jfreechart-0.9.14\src\org\jfree\chart\demo\BubblyBubblesDemo2.java,185,81,62,3,31,1,73,352,36,218
C:\Users\Sarthak\Desktop\jfreechart-0.9.14\src\org\jfree\chart\demo\CandlestickDemo.java,106,35,25,1,13,0,58,277,36,215
C:\Users\Sarthak\Desktop\jfreechart-0.9.14\src\org\jfree\chart\demo\ChartTiming1.java,134,51,42,2,19,0,64,338,37,225
C:\Users\Sarthak\Desktop\jfreechart-0.9.14\src\org\jfree\chart\demo\ChartTiming2.java,137,53,41,2,21,0,63,328,36,215
C:\Users\Sarthak\Desktop\jfreechart-0.9.14\src\org\jfree\chart\demo\ChartTiming3.java,147,63,48,3,21,0,63,328,36,215
C:\Users\Sarthak\Desktop\jfreechart-0.9.14\src\org\jfree\chart\demo\ChartTiming4.java,146,54,43,3,25,0,67,345,36,215
C:\Users\Sarthak\Desktop\jfreechart-0.9.14\src\org\jfree\chart\demo\CircleDrawer.java,110,41,33,2,11,0,58,300,36,214
C:\Users\Sarthak\Desktop\jfreechart-0.9.14\src\org\jfree\chart\demo\CombinedCategoryPlotDemo1.java,225,119,108,3,35,0,71,303,36,212
C:\Users\Sarthak\Desktop\jfreechart-0.9.14\src\org\jfree\chart\demo\CombinedCategoryPlotDemo2.java,224,118,103,3,35,0,71,303,36,212
C:\Users\Sarthak\Desktop\jfreechart-0.9.14\src\org\jfree\chart\demo\CombinedXYPlotDemo1.java,215,112,105,3,30,0,73,316,36,206
C:\Users\Sarthak\Desktop\jfreechart-0.9.14\src\org\jfree\chart\demo\CombinedXYPlotDemo2.java,196,88,81,3,27,1,81,391,39,231
C:\Users\Sarthak\Desktop\jfreechart-0.9.14\src\org\jfree\chart\demo\CombinedXYPlotDemo3.java,152,63,55,1,25,1,64,313,36,206
C:\Users\Sarthak\Desktop\jfreechart-0.9.14\src\org\jfree\chart\demo\CombinedXYPlotDemo4.java,224,119,112,3,31,0,74,320,36,206
C:\Users\Sarthak\Desktop\jfreechart-0.9.14\src\org\jfree\chart\demo\CombinedXYPlotDemo5.java,158,69,61,1,25,1,64,313,36,206
C:\Users\Sarthak\Desktop\jfreechart-0.9.14\src\org\jfree\chart\demo\CompassDemo.java,394,220,161,5,61,0,113,511,38,243
C:\Users\Sarthak\Desktop\jfreechart-0.9.14\src\org\jfree\chart\demo\CompassDemo2.java,110,34,30,1,17,0,59,282,36,215
C:\Users\Sarthak\Desktop\jfreechart-0.9.14\src\org\jfree\chart\demo\ContourPlotDemo.java,385,233,185,30,58,6,94,519,36,222
C:\Users\Sarthak\Desktop\jfreechart-0.9.14\src\org\jfree\chart\demo\ContourPlotDemo2.java,642,449,229,40,85,9,108,566,36,217
C:\Users\Sarthak\Desktop\jfreechart-0.9.14\src\org\jfree\chart\demo\DemoDatasetFactory.java,1710,1405,1329,22,121,0,184,868,45,271
C:\Users\Sarthak\Desktop\jfreechart-0.9.14\src\org\jfree\chart\demo\DescriptionPanel.java,84,20,15,1,11,0,53,272,37,221
C:\Users\Sarthak\Desktop\jfreechart-0.9.14\src\org\jfree\chart\demo\DifferenceChartDemo.java,146,69,57,2,19,3,58,277,36,214
C:\Users\Sarthak\Desktop\jfreechart-0.9.14\src\org\jfree\chart\demo\DualAxisDemo.java,224,115,101,2,36,7,73,356,36,215
C:\Users\Sarthak\Desktop\jfreechart-0.9.14\src\org\jfree\chart\demo\DualAxisDemo2.java,204,111,97,3,30,0,63,322,36,215
C:\Users\Sarthak\Desktop\jfreechart-0.9.14\src\org\jfree\chart\demo\DualAxisDemo3.java,222,113,99,2,35,5,74,358,36,215
C:\Users\Sarthak\Desktop\jfreechart-0.9.14\src\org\jfree\chart\demo\DualAxisDemo4.java,212,103,89,2,35,5,74,357,36,214
C:\Users\Sarthak\Desktop\jfreechart-0.9.14\src\org\jfree\chart\demo\DualAxisDemo5.java,222,113,99,2,36,7,73,356,36,215
C:\Users\Sarthak\Desktop\jfreechart-0.9.14\src\org\jfree\chart\demo\DynamicDataDemo.java,142,57,51,1,26,1,59,307,36,213
C:\Users\Sarthak\Desktop\jfreechart-0.9.14\src\org\jfree\chart\demo\DynamicDataDemo2.java,193,105,94,3,27,1,61,324,36,215
C:\Users\Sarthak\Desktop\jfreechart-0.9.14\src\org\jfree\chart\demo\EmptyXYDataset.java,113,22,15,5,11,0,80,397,37,221
C:\Users\Sarthak\Desktop\jfreechart-0.9.14\src\org\jfree\chart\demo\EventFrequencyDemo.java,150,67,54,0,23,7,60,330,37,227
C:\Users\Sarthak\Desktop\jfreechart-0.9.14\src\org\jfree\chart\demo\ExtendedCategoryAxis.java,130,44,34,5,13,0,73,356,36,214
C:\Users\Sarthak\Desktop\jfreechart-0.9.14\src\org\jfree\chart\demo\FastScatterPlotDemo.java,119,45,40,1,17,0,57,299,37,226
C:\Users\Sarthak\Desktop\jfreechart-0.9.14\src\org\jfree\chart\demo\First.java,85,23,15,0,10,3,52,284,37,222
C:\Users\Sarthak\Desktop\jfreechart-0.9.14\src\org\jfree\chart\demo\GanttDemo1.java,230,127,65,3,23,7,80,389,39,240
C:\Users\Sarthak\Desktop\jfreechart-0.9.14\src\org\jfree\chart\demo\GanttDemo2.java,254,146,89,2,35,7,73,382,37,227
C:\Users\Sarthak\Desktop\jfreechart-0.9.14\src\org\jfree\chart\demo\HighLowChartDemo.java,92,29,24,0,12,0,51,259,36,214
C:\Users\Sarthak\Desktop\jfreechart-0.9.14\src\org\jfree\chart\demo\HistogramDemo.java,147,57,41,4,14,0,76,364,38,239
C:\Users\Sarthak\Desktop\jfreechart-0.9.14\src\org\jfree\chart\demo\HorizontalBarChartDemo2.java,153,69,51,0,23,5,61,339,39,237
C:\Users\Sarthak\Desktop\jfreechart-0.9.14\src\org\jfree\chart\demo\HorizontalBarChartDemo3.java,124,49,37,0,16,6,59,327,38,232
C:\Users\Sarthak\Desktop\jfreechart-0.9.14\src\org\jfree\chart\demo\ImageMapDemo1.java,148,79,62,1,15,5,54,308,38,240
C:\Users\Sarthak\Desktop\jfreechart-0.9.14\src\org\jfree\chart\demo\ImageMapDemo2.java,139,69,55,1,15,3,55,306,38,240
C:\Users\Sarthak\Desktop\jfreechart-0.9.14\src\org\jfree\chart\demo\ImageMapDemo3.java,152,85,77,0,11,1,56,298,37,225
C:\Users\Sarthak\Desktop\jfreechart-0.9.14\src\org\jfree\chart\demo\InternalFrameDemo.java,179,90,66,4,18,0,71,323,36,214
C:\Users\Sarthak\Desktop\jfreechart-0.9.14\src\org\jfree\chart\demo\IntervalBarChartDemo1.java,152,72,70,1,18,0,62,316,40,255
C:\Users\Sarthak\Desktop\jfreechart-0.9.14\src\org\jfree\chart\demo\JFreeChartAppletDemo.java,89,32,21,0,12,0,45,247,37,222
C:\Users\Sarthak\Desktop\jfreechart-0.9.14\src\org\jfree\chart\demo\JFreeChartDemo.java,505,259,207,22,68,0,178,996,76,583
C:\Users\Sarthak\Desktop\jfreechart-0.9.14\src\org\jfree\chart\demo\JFreeChartDemoBase.java,1390,800,634,42,219,6,371,1793,42,239
C:\Users\Sarthak\Desktop\jfreechart-0.9.14\src\org\jfree\chart\demo\LayeredBarChartDemo1.java,155,59,50,2,28,0,68,344,37,222
C:\Users\Sarthak\Desktop\jfreechart-0.9.14\src\org\jfree\chart\demo\LayeredBarChartDemo2.java,138,58,45,0,24,0,56,299,35,202
C:\Users\Sarthak\Desktop\jfreechart-0.9.14\src\org\jfree\chart\demo\LineChartDemo1.java,232,123,91,2,33,8,76,374,39,242
C:\Users\Sarthak\Desktop\jfreechart-0.9.14\src\org\jfree\chart\demo\LineChartDemo2.java,191,92,78,2,29,7,70,358,37,225
C:\Users\Sarthak\Desktop\jfreechart-0.9.14\src\org\jfree\chart\demo\LineChartDemo3.java,137,54,39,3,20,7,63,333,36,214
C:\Users\Sarthak\Desktop\jfreechart-0.9.14\src\org\jfree\chart\demo\LineChartDemo4.java,106,37,25,0,15,7,54,285,36,214
C:\Users\Sarthak\Desktop\jfreechart-0.9.14\src\org\jfree\chart\demo\LineChartDemo5.java,226,129,103,0,32,8,65,326,36,214
C:\Users\Sarthak\Desktop\jfreechart-0.9.14\src\org\jfree\chart\demo\MarkerDemo1.java,248,129,112,4,38,0,81,383,36,214
C:\Users\Sarthak\Desktop\jfreechart-0.9.14\src\org\jfree\chart\demo\MeterChartDemo.java,155,78,62,4,18,0,59,315,39,238
C:\Users\Sarthak\Desktop\jfreechart-0.9.14\src\org\jfree\chart\demo\MinMaxCategoryPlotDemo.java,140,63,51,0,18,7,59,330,37,230
C:\Users\Sarthak\Desktop\jfreechart-0.9.14\src\org\jfree\chart\demo\MouseZoomDemo.java,170,85,65,3,20,0,65,303,37,225
C:\Users\Sarthak\Desktop\jfreechart-0.9.14\src\org\jfree\chart\demo\MovingAverageDemo.java,157,79,66,2,21,0,57,288,36,214
C:\Users\Sarthak\Desktop\jfreechart-0.9.14\src\org\jfree\chart\demo\MultiPieChartDemo.java,124,47,33,0,19,3,58,304,37,224
C:\Users\Sarthak\Desktop\jfreechart-0.9.14\src\org\jfree\chart\demo\MultiPieChartDemo2.java,120,45,33,0,19,3,56,292,36,214
C:\Users\Sarthak\Desktop\jfreechart-0.9.14\src\org\jfree\chart\demo\MultipleAxisDemo1.java,203,101,87,3,33,0,69,321,36,214
C:\Users\Sarthak\Desktop\jfreechart-0.9.14\src\org\jfree\chart\demo\MultipleAxisDemo2.java,173,78,64,3,27,0,68,321,36,214
C:\Users\Sarthak\Desktop\jfreechart-0.9.14\src\org\jfree\chart\demo\MultipleAxisDemo3.java,180,83,69,3,28,0,69,324,36,214
C:\Users\Sarthak\Desktop\jfreechart-0.9.14\src\org\jfree\chart\demo\MultiShapesXYDemo.java,300,128,104,16,32,2,140,612,37,229
C:\Users\Sarthak\Desktop\jfreechart-0.9.14\src\org\jfree\chart\demo\OverlaidBarChartDemo.java,155,73,68,0,20,0,62,355,39,247
C:\Users\Sarthak\Desktop\jfreechart-0.9.14\src\org\jfree\chart\demo\OverlaidCategoryChartDemo.java,195,99,92,2,32,0,64,334,38,231
C:\Users\Sarthak\Desktop\jfreechart-0.9.14\src\org\jfree\chart\demo\OverlaidXYPlotDemo.java,194,92,86,3,26,0,76,371,41,260
C:\Users\Sarthak\Desktop\jfreechart-0.9.14\src\org\jfree\chart\demo\OverlaidXYPlotDemo2.java,231,119,112,4,35,0,77,331,36,212
C:\Users\Sarthak\Desktop\jfreechart-0.9.14\src\org\jfree\chart\demo\ParetoChartDemo.java,161,77,65,0,25,5,59,323,37,222
C:\Users\Sarthak\Desktop\jfreechart-0.9.14\src\org\jfree\chart\demo\Performance.java,172,63,51,4,32,0,77,370,36,218
C:\Users\Sarthak\Desktop\jfreechart-0.9.14\src\org\jfree\chart\demo\Performance2.java,206,75,58,9,31,1,100,477,36,218
C:\Users\Sarthak\Desktop\jfreechart-0.9.14\src\org\jfree\chart\demo\Pie3DChartDemo1.java,145,52,41,2,23,3,70,346,38,234
C:\Users\Sarthak\Desktop\jfreechart-0.9.14\src\org\jfree\chart\demo\Pie3DChartDemo2.java,157,63,51,1,23,3,71,315,36,215
C:\Users\Sarthak\Desktop\jfreechart-0.9.14\src\org\jfree\chart\demo\PieChartDemo1.java,117,42,34,0,16,3,59,315,39,239
C:\Users\Sarthak\Desktop\jfreechart-0.9.14\src\org\jfree\chart\demo\PieChartDemo2.java,116,44,36,0,16,3,56,300,36,214
C:\Users\Sarthak\Desktop\jfreechart-0.9.14\src\org\jfree\chart\demo\PieChartDemo3.java,105,35,27,0,16,3,54,279,36,214
C:\Users\Sarthak\Desktop\jfreechart-0.9.14\src\org\jfree\chart\demo\PieChartDemo4.java,132,59,50,0,17,3,56,290,36,214
C:\Users\Sarthak\Desktop\jfreechart-0.9.14\src\org\jfree\chart\demo\PopulationChartDemo.java,129,55,42,1,16,6,58,285,36,214
C:\Users\Sarthak\Desktop\jfreechart-0.9.14\src\org\jfree\chart\demo\PriceVolumeDemo.java,681,493,479,3,115,2,73,361,41,257
C:\Users\Sarthak\Desktop\jfreechart-0.9.14\src\org\jfree\chart\demo\SampleSignalDataset.java,164,38,27,7,17,0,109,488,36,215
C:\Users\Sarthak\Desktop\jfreechart-0.9.14\src\org\jfree\chart\demo\SampleXYDataset.java,164,45,31,11,21,0,98,540,41,260
C:\Users\Sarthak\Desktop\jfreechart-0.9.14\src\org\jfree\chart\demo\SampleXYDataset2.java,270,94,73,17,40,0,136,688,40,249
C:\Users\Sarthak\Desktop\jfreechart-0.9.14\src\org\jfree\chart\demo\SampleXYDatasetThread.java,88,17,11,1,8,0,63,391,37,215
C:\Users\Sarthak\Desktop\jfreechart-0.9.14\src\org\jfree\chart\demo\SampleXYSymbolicDataset.java,447,179,133,34,51,0,217,1141,35,213
C:\Users\Sarthak\Desktop\jfreechart-0.9.14\src\org\jfree\chart\demo\SampleXYZDataset.java,134,29,22,6,14,0,91,444,36,214
C:\Users\Sarthak\Desktop\jfreechart-0.9.14\src\org\jfree\chart\demo\SampleYSymbolicDataset.java,387,157,113,26,47,0,183,931,35,200
C:\Users\Sarthak\Desktop\jfreechart-0.9.14\src\org\jfree\chart\demo\ScatterPlotDemo.java,108,46,34,1,11,0,51,258,36,215
C:\Users\Sarthak\Desktop\jfreechart-0.9.14\src\org\jfree\chart\demo\ScatterPlotDemo2.java,116,46,35,1,12,3,58,278,36,215
C:\Users\Sarthak\Desktop\jfreechart-0.9.14\src\org\jfree\chart\demo\ScatterPlotDemo3.java,107,43,32,0,11,1,53,281,38,232
C:\Users\Sarthak\Desktop\jfreechart-0.9.14\src\org\jfree\chart\demo\ScatterPlotDemo4.java,106,42,30,0,13,0,51,266,36,215
C:\Users\Sarthak\Desktop\jfreechart-0.9.14\src\org\jfree\chart\demo\Second.java,115,50,38,0,15,0,50,260,37,225
C:\Users\Sarthak\Desktop\jfreechart-0.9.14\src\org\jfree\chart\demo\SegmentedHighLowChartDemo.java,178,92,64,6,26,0,60,352,37,230
C:\Users\Sarthak\Desktop\jfreechart-0.9.14\src\org\jfree\chart\demo\SimpleIntervalXYDataset.java,201,51,38,9,23,0,127,620,36,219
C:\Users\Sarthak\Desktop\jfreechart-0.9.14\src\org\jfree\chart\demo\SimpleIntervalXYDataset2.java,203,52,38,10,22,0,129,625,36,214
C:\Users\Sarthak\Desktop\jfreechart-0.9.14\src\org\jfree\chart\demo\SmallNumberDemo.java,108,45,33,0,12,0,51,261,36,212
C:\Users\Sarthak\Desktop\jfreechart-0.9.14\src\org\jfree\chart\demo\StackedAreaChartDemo.java,139,54,43,0,24,6,61,340,37,224
C:\Users\Sarthak\Desktop\jfreechart-0.9.14\src\org\jfree\chart\demo\StackedAreaXYChartDemo.java,193,112,105,1,20,0,61,298,37,216
C:\Users\Sarthak\Desktop\jfreechart-0.9.14\src\org\jfree\chart\demo\StackedBarChart3DDemo.java,121,41,28,1,18,7,62,322,36,215
C:\Users\Sarthak\Desktop\jfreechart-0.9.14\src\org\jfree\chart\demo\StackedBarChartDemo1.java,101,33,21,0,13,7,55,299,37,223
C:\Users\Sarthak\Desktop\jfreechart-0.9.14\src\org\jfree\chart\demo\StackedBarChartDemo2.java,105,36,24,0,14,6,55,298,37,223
C:\Users\Sarthak\Desktop\jfreechart-0.9.14\src\org\jfree\chart\demo\StatisticalBarChartDemo.java,139,56,49,1,22,3,61,316,38,235
C:\Users\Sarthak\Desktop\jfreechart-0.9.14\src\org\jfree\chart\demo\SurveyResultsDemo.java,294,188,155,2,42,5,64,302,36,214
C:\Users\Sarthak\Desktop\jfreechart-0.9.14\src\org\jfree\chart\demo\SurveyResultsDemo2.java,174,84,68,2,26,5,64,299,36,214
C:\Users\Sarthak\Desktop\jfreechart-0.9.14\src\org\jfree\chart\demo\SurveyResultsDemo3.java,187,97,77,2,26,5,64,298,36,214
C:\Users\Sarthak\Desktop\jfreechart-0.9.14\src\org\jfree\chart\demo\SymbolicChartDemo1.java,120,44,38,1,19,0,57,273,36,214
C:\Users\Sarthak\Desktop\jfreechart-0.9.14\src\org\jfree\chart\demo\SymbolicXYPlotDemo.java,483,260,206,16,82,0,141,643,38,240
C:\Users\Sarthak\Desktop\jfreechart-0.9.14\src\org\jfree\chart\demo\SymbolicYPlotDemo.java,425,236,208,3,68,0,121,564,37,230
C:\Users\Sarthak\Desktop\jfreechart-0.9.14\src\org\jfree\chart\demo\ThermometerDemo.java,428,247,219,3,68,0,113,563,37,234
C:\Users\Sarthak\Desktop\jfreechart-0.9.14\src\org\jfree\chart\demo\ThermometerDemo2.java,108,30,24,0,18,3,60,313,37,224
C:\Users\Sarthak\Desktop\jfreechart-0.9.14\src\org\jfree\chart\demo\TimePeriodValuesDemo.java,178,87,79,4,28,0,63,300,37,221
C:\Users\Sarthak\Desktop\jfreechart-0.9.14\src\org\jfree\chart\demo\TimePeriodValuesDemo2.java,132,55,51,1,21,0,56,273,36,214
C:\Users\Sarthak\Desktop\jfreechart-0.9.14\src\org\jfree\chart\demo\TimeSeriesDemo.java,206,109,96,3,31,0,66,341,37,222
C:\Users\Sarthak\Desktop\jfreechart-0.9.14\src\org\jfree\chart\demo\TimeSeriesDemo10.java,102,39,31,0,12,0,51,252,36,214
C:\Users\Sarthak\Desktop\jfreechart-0.9.14\src\org\jfree\chart\demo\TimeSeriesDemo11.java,195,95,81,3,31,0,69,318,36,214
C:\Users\Sarthak\Desktop\jfreechart-0.9.14\src\org\jfree\chart\demo\TimeSeriesDemo2.java,107,43,35,0,12,0,52,285,36,215
C:\Users\Sarthak\Desktop\jfreechart-0.9.14\src\org\jfree\chart\demo\TimeSeriesDemo3.java,161,80,67,1,20,0,61,322,37,224
C:\Users\Sarthak\Desktop\jfreechart-0.9.14\src\org\jfree\chart\demo\TimeSeriesDemo4.java,130,61,52,1,14,0,55,320,38,230
C:\Users\Sarthak\Desktop\jfreechart-0.9.14\src\org\jfree\chart\demo\TimeSeriesDemo5.java,98,36,28,1,13,0,49,289,37,225
C:\Users\Sarthak\Desktop\jfreechart-0.9.14\src\org\jfree\chart\demo\TimeSeriesDemo6.java,141,61,56,1,20,0,60,320,37,222
C:\Users\Sarthak\Desktop\jfreechart-0.9.14\src\org\jfree\chart\demo\TimeSeriesDemo7.java,92,26,22,0,14,0,52,265,36,214
C:\Users\Sarthak\Desktop\jfreechart-0.9.14\src\org\jfree\chart\demo\TimeSeriesDemo8.java,98,32,28,0,14,0,52,265,36,214
C:\Users\Sarthak\Desktop\jfreechart-0.9.14\src\org\jfree\chart\demo\TimeSeriesDemo9.java,179,88,76,5,25,0,66,319,36,214
C:\Users\Sarthak\Desktop\jfreechart-0.9.14\src\org\jfree\chart\demo\WaterfallChartDemo.java,170,87,71,2,20,0,63,297,37,222
C:\Users\Sarthak\Desktop\jfreechart-0.9.14\src\org\jfree\chart\demo\WaterfallChartDemo2.java,168,84,74,2,22,0,62,297,36,222
C:\Users\Sarthak\Desktop\jfreechart-0.9.14\src\org\jfree\chart\demo\WaterTemperatureDemo.java,127,50,46,1,20,0,57,284,36,212
C:\Users\Sarthak\Desktop\jfreechart-0.9.14\src\org\jfree\chart\demo\WindChartDemo.java,118,38,26,1,19,0,61,292,36,214
C:\Users\Sarthak\Desktop\jfreechart-0.9.14\src\org\jfree\chart\demo\XMLBarChartDemo.java,117,44,33,0,17,3,56,292,36,215
C:\Users\Sarthak\Desktop\jfreechart-0.9.14\src\org\jfree\chart\demo\XMLPieChartDemo.java,120,47,38,0,17,3,56,291,36,215
C:\Users\Sarthak\Desktop\jfreechart-0.9.14\src\org\jfree\chart\demo\XYAreaChartDemo.java,160,72,60,1,25,3,63,318,40,249
C:\Users\Sarthak\Desktop\jfreechart-0.9.14\src\org\jfree\chart\demo\XYAreaChartDemo2.java,132,56,43,2,17,3,59,292,36,215
C:\Users\Sarthak\Desktop\jfreechart-0.9.14\src\org\jfree\chart\demo\XYBarChartDemo.java,113,41,29,0,16,0,56,299,39,240
C:\Users\Sarthak\Desktop\jfreechart-0.9.14\src\org\jfree\chart\demo\XYBarChartDemo2.java,142,59,46,1,18,5,65,335,39,239
C:\Users\Sarthak\Desktop\jfreechart-0.9.14\src\org\jfree\chart\demo\XYBarChartDemo3.java,125,41,28,1,19,5,65,337,40,248
C:\Users\Sarthak\Desktop\jfreechart-0.9.14\src\org\jfree\chart\demo\XYBoxAndWhiskerDemo.java,141,55,42,4,22,0,64,303,37,222
C:\Users\Sarthak\Desktop\jfreechart-0.9.14\src\org\jfree\chart\demo\XYLogAxesDemo.java,132,56,43,1,17,5,59,318,38,232
C:\Users\Sarthak\Desktop\jfreechart-0.9.14\src\org\jfree\chart\demo\XYSeriesDemo.java,109,36,24,0,12,0,61,302,38,238
C:\Users\Sarthak\Desktop\jfreechart-0.9.14\src\org\jfree\chart\demo\XYSeriesDemo2.java,113,50,38,0,12,0,51,273,36,215
C:\Users\Sarthak\Desktop\jfreechart-0.9.14\src\org\jfree\chart\demo\XYStepAreaChartDemo.java,263,136,115,6,47,3,80,380,37,228
C:\Users\Sarthak\Desktop\jfreechart-0.9.14\src\org\jfree\chart\demo\XYStepChartDemo.java,119,46,33,1,18,3,55,307,38,236
C:\Users\Sarthak\Desktop\jfreechart-0.9.14\src\org\jfree\chart\demo\XYTickLabelDemo.java,298,176,152,8,52,1,70,331,36,210
C:\Users\Sarthak\Desktop\jfreechart-0.9.14\src\org\jfree\chart\demo\YIntervalChartDemo.java,121,41,28,1,19,5,61,303,36,214
C:\Users\Sarthak\Desktop\jfreechart-0.9.14\src\org\jfree\chart\demo\resources\DemoResources.java,482,333,313,1,84,0,65,366,44,286
C:\Users\Sarthak\Desktop\jfreechart-0.9.14\src\org\jfree\chart\demo\resources\DemoResources_de.java,343,208,187,1,74,9,61,364,37,220
C:\Users\Sarthak\Desktop\jfreechart-0.9.14\src\org\jfree\chart\demo\resources\DemoResources_es.java,348,219,187,1,74,0,55,287,37,220
C:\Users\Sarthak\Desktop\jfreechart-0.9.14\src\org\jfree\chart\demo\resources\DemoResources_fr.java,354,226,187,1,74,0,54,264,37,208
C:\Users\Sarthak\Desktop\jfreechart-0.9.14\src\org\jfree\chart\demo\resources\DemoResources_pl.java,353,224,187,1,73,0,56,293,39,227
C:\Users\Sarthak\Desktop\jfreechart-0.9.14\src\org\jfree\chart\entity\CategoryItemEntity.java,219,59,42,5,28,0,132,590,43,266
C:\Users\Sarthak\Desktop\jfreechart-0.9.14\src\org\jfree\chart\entity\ChartEntity.java,280,105,76,19,27,0,148,795,52,364
C:\Users\Sarthak\Desktop\jfreechart-0.9.14\src\org\jfree\chart\entity\ContourEntity.java,92,17,12,1,10,0,65,314,36,222
C:\Users\Sarthak\Desktop\jfreechart-0.9.14\src\org\jfree\chart\entity\EntityCollection.java,82,8,7,0,9,0,65,324,39,236
C:\Users\Sarthak\Desktop\jfreechart-0.9.14\src\org\jfree\chart\entity\LegendItemEntity.java,82,14,10,1,11,0,57,277,36,214
C:\Users\Sarthak\Desktop\jfreechart-0.9.14\src\org\jfree\chart\entity\PieSectionEntity.java,227,61,42,5,28,0,138,677,46,306
C:\Users\Sarthak\Desktop\jfreechart-0.9.14\src\org\jfree\chart\entity\StandardEntityCollection.java,111,29,21,4,14,0,68,322,38,228
C:\Users\Sarthak\Desktop\jfreechart-0.9.14\src\org\jfree\chart\entity\XYItemEntity.java,174,44,32,3,18,0,112,524,43,267
C:\Users\Sarthak\Desktop\jfreechart-0.9.14\src\org\jfree\chart\event\AxisChangeEvent.java,73,12,9,1,8,0,53,294,37,229
C:\Users\Sarthak\Desktop\jfreechart-0.9.14\src\org\jfree\chart\event\AxisChangeListener.java,65,5,4,0,6,0,54,331,38,233
C:\Users\Sarthak\Desktop\jfreechart-0.9.14\src\org\jfree\chart\event\ChartChangeEvent.java,136,32,24,2,17,0,87,491,39,241
C:\Users\Sarthak\Desktop\jfreechart-0.9.14\src\org\jfree\chart\event\ChartChangeListener.java,64,5,4,0,6,0,53,307,39,242
C:\Users\Sarthak\Desktop\jfreechart-0.9.14\src\org\jfree\chart\event\ChartProgressEvent.java,133,32,24,3,17,0,84,409,36,212
C:\Users\Sarthak\Desktop\jfreechart-0.9.14\src\org\jfree\chart\event\ChartProgressListener.java,58,5,4,0,6,0,47,256,36,214
C:\Users\Sarthak\Desktop\jfreechart-0.9.14\src\org\jfree\chart\event\LegendChangeEvent.java,74,12,9,1,8,0,54,301,38,235
C:\Users\Sarthak\Desktop\jfreechart-0.9.14\src\org\jfree\chart\event\LegendChangeListener.java,61,5,4,0,6,0,50,287,39,242
C:\Users\Sarthak\Desktop\jfreechart-0.9.14\src\org\jfree\chart\event\PlotChangeEvent.java,76,12,9,1,8,0,56,316,39,246
C:\Users\Sarthak\Desktop\jfreechart-0.9.14\src\org\jfree\chart\event\PlotChangeListener.java,61,5,4,0,6,0,50,285,39,242
C:\Users\Sarthak\Desktop\jfreechart-0.9.14\src\org\jfree\chart\event\RendererChangeEvent.java,71,11,8,1,7,0,53,284,36,214
C:\Users\Sarthak\Desktop\jfreechart-0.9.14\src\org\jfree\chart\event\RendererChangeListener.java,58,5,4,0,6,0,47,261,36,218
C:\Users\Sarthak\Desktop\jfreechart-0.9.14\src\org\jfree\chart\event\TitleChangeEvent.java,75,12,9,1,8,0,55,309,39,244
C:\Users\Sarthak\Desktop\jfreechart-0.9.14\src\org\jfree\chart\event\TitleChangeListener.java,61,5,4,0,6,0,50,287,39,242
C:\Users\Sarthak\Desktop\jfreechart-0.9.14\src\org\jfree\chart\imagemap\DynamicDriveToolTipTagFragmentGenerator.java,82,15,10,1,9,0,58,314,35,206
C:\Users\Sarthak\Desktop\jfreechart-0.9.14\src\org\jfree\chart\imagemap\OverLIBToolTipTagFragmentGenerator.java,58,7,4,1,5,0,46,249,35,206
C:\Users\Sarthak\Desktop\jfreechart-0.9.14\src\org\jfree\chart\imagemap\StandardToolTipTagFragmentGenerator.java,57,6,4,1,5,0,46,254,35,206
C:\Users\Sarthak\Desktop\jfreechart-0.9.14\src\org\jfree\chart\imagemap\StandardURLTagFragmentGenerator.java,57,6,4,1,5,0,46,251,35,206
C:\Users\Sarthak\Desktop\jfreechart-0.9.14\src\org\jfree\chart\imagemap\ToolTipTagFragmentGenerator.java,55,4,3,0,5,0,46,255,35,206
C:\Users\Sarthak\Desktop\jfreechart-0.9.14\src\org\jfree\chart\imagemap\URLTagFragmentGenerator.java,55,4,3,0,5,0,46,255,35,206
C:\Users\Sarthak\Desktop\jfreechart-0.9.14\src\org\jfree\chart\junit\BarChart3DTests.java,198,82,62,2,32,1,84,396,39,235
C:\Users\Sarthak\Desktop\jfreechart-0.9.14\src\org\jfree\chart\junit\BarChartTests.java,197,81,62,2,32,1,84,396,39,235
C:\Users\Sarthak\Desktop\jfreechart-0.9.14\src\org\jfree\chart\junit\ChartPackageTests.java,74,19,17,1,6,0,49,267,37,222
C:\Users\Sarthak\Desktop\jfreechart-0.9.14\src\org\jfree\chart\junit\JFreeChartTests.java,262,145,116,1,41,9,76,386,39,243
C:\Users\Sarthak\Desktop\jfreechart-0.9.14\src\org\jfree\chart\junit\JFreeChartTestSuite.java,84,27,25,1,7,0,50,282,39,240
C:\Users\Sarthak\Desktop\jfreechart-0.9.14\src\org\jfree\chart\junit\MarkerTests.java,134,57,50,1,20,0,57,288,36,214
C:\Users\Sarthak\Desktop\jfreechart-0.9.14\src\org\jfree\chart\junit\PieChartTests.java,147,48,35,2,21,3,78,362,37,222
C:\Users\Sarthak\Desktop\jfreechart-0.9.14\src\org\jfree\chart\junit\ScatterPlotTests.java,196,84,62,2,30,5,82,386,37,222
C:\Users\Sarthak\Desktop\jfreechart-0.9.14\src\org\jfree\chart\junit\SpacerTests.java,136,57,50,1,22,0,57,288,36,214
C:\Users\Sarthak\Desktop\jfreechart-0.9.14\src\org\jfree\chart\junit\StackedHorizontalBarChartTests.java,196,81,62,2,32,3,83,392,38,229
C:\Users\Sarthak\Desktop\jfreechart-0.9.14\src\org\jfree\chart\junit\StackedVerticalBarChartTests.java,196,81,62,2,32,3,83,393,38,229
C:\Users\Sarthak\Desktop\jfreechart-0.9.14\src\org\jfree\chart\labels\BoxAndWhiskerToolTipGenerator.java,171,70,51,17,26,0,75,376,38,229
C:\Users\Sarthak\Desktop\jfreechart-0.9.14\src\org\jfree\chart\labels\CategoryItemLabelGenerator.java,93,7,6,0,8,0,78,441,46,298
C:\Users\Sarthak\Desktop\jfreechart-0.9.14\src\org\jfree\chart\labels\ContourToolTipGenerator.java,60,5,4,0,6,0,49,275,36,218
C:\Users\Sarthak\Desktop\jfreechart-0.9.14\src\org\jfree\chart\labels\CustomXYToolTipGenerator.java,201,75,52,20,28,0,98,477,40,247
C:\Users\Sarthak\Desktop\jfreechart-0.9.14\src\org\jfree\chart\labels\HighLowToolTipGenerator.java,172,67,49,16,26,0,79,402,42,255
C:\Users\Sarthak\Desktop\jfreechart-0.9.14\src\org\jfree\chart\labels\IntervalCategoryItemLabelGenerator.java,248,112,84,23,32,0,104,500,42,259
C:\Users\Sarthak\Desktop\jfreechart-0.9.14\src\org\jfree\chart\labels\PieItemLabelGenerator.java,70,5,4,0,6,0,59,356,45,285
C:\Users\Sarthak\Desktop\jfreechart-0.9.14\src\org\jfree\chart\labels\StandardCategoryItemLabelGenerator.java,264,108,75,23,34,0,122,628,45,295
C:\Users\Sarthak\Desktop\jfreechart-0.9.14\src\org\jfree\chart\labels\StandardContourToolTipGenerator.java,125,51,34,12,16,0,58,308,37,224
C:\Users\Sarthak\Desktop\jfreechart-0.9.14\src\org\jfree\chart\labels\StandardPieItemLabelGenerator.java,156,48,34,12,23,0,85,428,43,266
C:\Users\Sarthak\Desktop\jfreechart-0.9.14\src\org\jfree\chart\labels\StandardPieToolTipGenerator.java,157,48,34,12,23,0,86,426,42,258
C:\Users\Sarthak\Desktop\jfreechart-0.9.14\src\org\jfree\chart\labels\StandardXYToolTipGenerator.java,185,61,43,15,31,0,93,490,44,278
C:\Users\Sarthak\Desktop\jfreechart-0.9.14\src\org\jfree\chart\labels\StandardXYZToolTipGenerator.java,148,51,33,12,24,0,73,379,36,212
C:\Users\Sarthak\Desktop\jfreechart-0.9.14\src\org\jfree\chart\labels\SymbolicXYToolTipGenerator.java,150,58,41,14,16,0,76,377,40,240
C:\Users\Sarthak\Desktop\jfreechart-0.9.14\src\org\jfree\chart\labels\TimeSeriesToolTipGenerator.java,196,72,52,16,29,0,95,461,40,252
C:\Users\Sarthak\Desktop\jfreechart-0.9.14\src\org\jfree\chart\labels\XYToolTipGenerator.java,64,5,4,0,6,0,53,299,39,235
C:\Users\Sarthak\Desktop\jfreechart-0.9.14\src\org\jfree\chart\labels\XYZToolTipGenerator.java,61,5,4,0,6,0,50,276,36,212
C:\Users\Sarthak\Desktop\jfreechart-0.9.14\src\org\jfree\chart\labels\junit\BoxAndWhiskerToolTipGeneratorTests.java,123,51,41,1,15,0,57,281,36,214
C:\Users\Sarthak\Desktop\jfreechart-0.9.14\src\org\jfree\chart\labels\junit\CustomXYToolTipGeneratorTests.java,135,60,51,1,17,0,58,288,37,221
C:\Users\Sarthak\Desktop\jfreechart-0.9.14\src\org\jfree\chart\labels\junit\HighLowToolTipGeneratorTests.java,122,50,41,1,15,0,57,281,36,214
C:\Users\Sarthak\Desktop\jfreechart-0.9.14\src\org\jfree\chart\labels\junit\IntervalCategoryItemLabelGeneratorTests.java,124,51,41,1,15,0,58,291,37,224
C:\Users\Sarthak\Desktop\jfreechart-0.9.14\src\org\jfree\chart\labels\junit\IntervalCategoryToolTipGeneratorTests.java,106,38,31,1,14,0,54,274,36,214
C:\Users\Sarthak\Desktop\jfreechart-0.9.14\src\org\jfree\chart\labels\junit\LabelsPackageTests.java,85,24,21,1,7,0,54,279,37,220
C:\Users\Sarthak\Desktop\jfreechart-0.9.14\src\org\jfree\chart\labels\junit\StandardCategoryItemLabelGeneratorTests.java,124,51,41,1,15,0,58,288,37,221
C:\Users\Sarthak\Desktop\jfreechart-0.9.14\src\org\jfree\chart\labels\junit\StandardCategoryToolTipGeneratorTests.java,106,38,31,1,14,0,54,274,36,214
C:\Users\Sarthak\Desktop\jfreechart-0.9.14\src\org\jfree\chart\labels\junit\StandardContourToolTipGeneratorTests.java,105,37,30,1,14,0,54,274,36,214
C:\Users\Sarthak\Desktop\jfreechart-0.9.14\src\org\jfree\chart\labels\junit\StandardPieItemLabelGeneratorTests.java,124,51,41,1,15,0,58,288,37,221
C:\Users\Sarthak\Desktop\jfreechart-0.9.14\src\org\jfree\chart\labels\junit\StandardXYToolTipGeneratorTests.java,123,51,41,1,15,0,57,281,36,214
C:\Users\Sarthak\Desktop\jfreechart-0.9.14\src\org\jfree\chart\labels\junit\StandardXYZToolTipGeneratorTests.java,122,50,41,1,15,0,57,281,36,214
C:\Users\Sarthak\Desktop\jfreechart-0.9.14\src\org\jfree\chart\labels\junit\SymbolicXYToolTipGeneratorTests.java,121,49,40,1,15,0,57,281,36,214
C:\Users\Sarthak\Desktop\jfreechart-0.9.14\src\org\jfree\chart\labels\junit\TimeSeriesToolTipGeneratorTests.java,124,52,42,1,15,0,57,281,36,214
C:\Users\Sarthak\Desktop\jfreechart-0.9.14\src\org\jfree\chart\labels\junit\TooltipsPackageTests.java,82,22,19,1,7,0,53,271,36,212
C:\Users\Sarthak\Desktop\jfreechart-0.9.14\src\org\jfree\chart\needle\ArrowNeedle.java,142,62,49,10,15,0,65,357,38,239
C:\Users\Sarthak\Desktop\jfreechart-0.9.14\src\org\jfree\chart\needle\LineNeedle.java,105,32,25,8,14,0,59,313,38,239
C:\Users\Sarthak\Desktop\jfreechart-0.9.14\src\org\jfree\chart\needle\LongNeedle.java,150,70,58,12,18,0,62,323,38,239
C:\Users\Sarthak\Desktop\jfreechart-0.9.14\src\org\jfree\chart\needle\MeterNeedle.java,393,150,114,21,49,0,194,765,39,251
C:\Users\Sarthak\Desktop\jfreechart-0.9.14\src\org\jfree\chart\needle\PinNeedle.java,122,47,38,9,14,0,61,328,38,239
C:\Users\Sarthak\Desktop\jfreechart-0.9.14\src\org\jfree\chart\needle\PlumNeedle.java,110,39,30,8,12,0,59,318,38,239
C:\Users\Sarthak\Desktop\jfreechart-0.9.14\src\org\jfree\chart\needle\PointerNeedle.java,130,56,46,11,14,0,60,325,38,239
C:\Users\Sarthak\Desktop\jfreechart-0.9.14\src\org\jfree\chart\needle\ShipNeedle.java,108,37,28,8,11,0,60,321,38,239
C:\Users\Sarthak\Desktop\jfreechart-0.9.14\src\org\jfree\chart\needle\WindNeedle.java,113,36,26,8,14,1,63,323,37,233
C:\Users\Sarthak\Desktop\jfreechart-0.9.14\src\org\jfree\chart\plot\CategoryPlot.java,2906,1522,1081,274,369,1,1015,5225,93,782
C:\Users\Sarthak\Desktop\jfreechart-0.9.14\src\org\jfree\chart\plot\CombinedDomainCategoryPlot.java,462,239,179,38,70,0,153,782,42,263
C:\Users\Sarthak\Desktop\jfreechart-0.9.14\src\org\jfree\chart\plot\CombinedDomainXYPlot.java,575,264,195,41,87,4,224,1234,67,473
C:\Users\Sarthak\Desktop\jfreechart-0.9.14\src\org\jfree\chart\plot\CombinedRangeCategoryPlot.java,484,243,185,39,77,0,164,831,42,264
C:\Users\Sarthak\Desktop\jfreechart-0.9.14\src\org\jfree\chart\plot\CombinedRangeXYPlot.java,579,267,199,41,87,2,225,1239,70,492
C:\Users\Sarthak\Desktop\jfreechart-0.9.14\src\org\jfree\chart\plot\CompassPlot.java,687,348,276,51,104,0,235,1075,45,297
C:\Users\Sarthak\Desktop\jfreechart-0.9.14\src\org\jfree\chart\plot\ContourPlot.java,1799,860,610,113,280,4,659,3253,47,305
C:\Users\Sarthak\Desktop\jfreechart-0.9.14\src\org\jfree\chart\plot\ContourPlotUtilities.java,68,11,9,1,6,0,51,285,37,238
C:\Users\Sarthak\Desktop\jfreechart-0.9.14\src\org\jfree\chart\plot\ContourValuePlot.java,57,5,4,0,6,0,46,256,36,222
C:\Users\Sarthak\Desktop\jfreechart-0.9.14\src\org\jfree\chart\plot\DatasetRenderingOrder.java,124,38,26,12,16,0,70,342,36,212
C:\Users\Sarthak\Desktop\jfreechart-0.9.14\src\org\jfree\chart\plot\DefaultDrawingSupplier.java,468,207,163,26,80,1,181,811,41,252
C:\Users\Sarthak\Desktop\jfreechart-0.9.14\src\org\jfree\chart\plot\DialShape.java,127,40,29,13,17,0,70,322,36,212
C:\Users\Sarthak\Desktop\jfreechart-0.9.14\src\org\jfree\chart\plot\DrawingSupplier.java,91,11,10,0,10,0,70,353,37,220
C:\Users\Sarthak\Desktop\jfreechart-0.9.14\src\org\jfree\chart\plot\FastScatterPlot.java,530,238,177,40,83,0,209,1092,42,265
C:\Users\Sarthak\Desktop\jfreechart-0.9.14\src\org\jfree\chart\plot\JThermometer.java,351,136,99,12,37,0,178,726,37,235
C:\Users\Sarthak\Desktop\jfreechart-0.9.14\src\org\jfree\chart\plot\MeterPlot.java,1292,598,450,77,190,0,504,2250,53,358
C:\Users\Sarthak\Desktop\jfreechart-0.9.14\src\org\jfree\chart\plot\PeriodMarkerPlot.java,258,121,90,15,30,2,107,582,45,306
C:\Users\Sarthak\Desktop\jfreechart-0.9.14\src\org\jfree\chart\plot\Pie3DPlot.java,828,583,386,68,106,19,139,1056,56,405
C:\Users\Sarthak\Desktop\jfreechart-0.9.14\src\org\jfree\chart\plot\PiePlot.java,2101,958,699,136,301,0,842,4459,93,772
C:\Users\Sarthak\Desktop\jfreechart-0.9.14\src\org\jfree\chart\plot\Plot.java,1121,494,356,71,140,5,487,2696,89,711
C:\Users\Sarthak\Desktop\jfreechart-0.9.14\src\org\jfree\chart\plot\PlotOrientation.java,125,39,27,10,16,0,70,344,37,219
C:\Users\Sarthak\Desktop\jfreechart-0.9.14\src\org\jfree\chart\plot\PlotRenderingInfo.java,149,36,27,4,21,0,92,411,37,218
C:\Users\Sarthak\Desktop\jfreechart-0.9.14\src\org\jfree\chart\plot\PlotState.java,67,12,9,1,7,0,48,257,36,212
C:\Users\Sarthak\Desktop\jfreechart-0.9.14\src\org\jfree\chart\plot\ThermometerPlot.java,1368,626,459,86,184,3,558,2749,51,368
C:\Users\Sarthak\Desktop\jfreechart-0.9.14\src\org\jfree\chart\plot\ValueAxisPlot.java,90,10,9,0,10,0,70,352,35,205
C:\Users\Sarthak\Desktop\jfreechart-0.9.14\src\org\jfree\chart\plot\XYPlot.java,3537,1845,1332,326,427,3,1265,6540,108,875
C:\Users\Sarthak\Desktop\jfreechart-0.9.14\src\org\jfree\chart\plot\junit\CategoryPlotTests.java,438,272,245,1,60,0,106,437,37,230
C:\Users\Sarthak\Desktop\jfreechart-0.9.14\src\org\jfree\chart\plot\junit\CombinedDomainCategoryPlotTests.java,261,143,130,4,39,0,79,331,36,214
C:\Users\Sarthak\Desktop\jfreechart-0.9.14\src\org\jfree\chart\plot\junit\CombinedDomainXYPlotTests.java,257,144,131,4,32,0,81,342,36,214
C:\Users\Sarthak\Desktop\jfreechart-0.9.14\src\org\jfree\chart\plot\junit\CombinedRangeCategoryPlotTests.java,258,142,129,4,37,0,79,330,36,214
C:\Users\Sarthak\Desktop\jfreechart-0.9.14\src\org\jfree\chart\plot\junit\CombinedRangeXYPlotTests.java,258,144,131,4,33,0,81,342,36,214
C:\Users\Sarthak\Desktop\jfreechart-0.9.14\src\org\jfree\chart\plot\junit\CombinedXYPlotTests.java,201,100,92,3,27,1,74,348,36,214
C:\Users\Sarthak\Desktop\jfreechart-0.9.14\src\org\jfree\chart\plot\junit\CompassPlotTests.java,120,45,38,1,17,0,58,282,36,214
C:\Users\Sarthak\Desktop\jfreechart-0.9.14\src\org\jfree\chart\plot\junit\ContourPlotTests.java,104,36,30,1,14,0,54,274,36,214
C:\Users\Sarthak\Desktop\jfreechart-0.9.14\src\org\jfree\chart\plot\junit\FastScatterPlotTests.java,157,69,57,3,23,0,65,303,36,214
C:\Users\Sarthak\Desktop\jfreechart-0.9.14\src\org\jfree\chart\plot\junit\MeterPlotTests.java,120,36,30,1,15,0,69,303,36,214
C:\Users\Sarthak\Desktop\jfreechart-0.9.14\src\org\jfree\chart\plot\junit\Pie3DPlotTests.java,104,36,30,1,14,0,54,274,36,214
C:\Users\Sarthak\Desktop\jfreechart-0.9.14\src\org\jfree\chart\plot\junit\PiePlotTests.java,291,167,157,1,40,0,84,312,36,214
C:\Users\Sarthak\Desktop\jfreechart-0.9.14\src\org\jfree\chart\plot\junit\PlotPackageTests.java,86,26,23,1,7,0,53,271,36,212
C:\Users\Sarthak\Desktop\jfreechart-0.9.14\src\org\jfree\chart\plot\junit\ThermometerPlotTests.java,104,36,30,1,14,0,54,274,36,214
C:\Users\Sarthak\Desktop\jfreechart-0.9.14\src\org\jfree\chart\plot\junit\XYPlotTests.java,460,282,251,2,64,1,114,481,36,214
C:\Users\Sarthak\Desktop\jfreechart-0.9.14\src\org\jfree\chart\renderer\AbstractCategoryItemRenderer.java,984,510,347,61,111,0,363,1937,55,400
C:\Users\Sarthak\Desktop\jfreechart-0.9.14\src\org\jfree\chart\renderer\AbstractRenderer.java,2192,865,620,142,267,0,1060,4936,52,359
C:\Users\Sarthak\Desktop\jfreechart-0.9.14\src\org\jfree\chart\renderer\AbstractXYItemRenderer.java,751,397,272,43,81,0,273,1481,56,416
C:\Users\Sarthak\Desktop\jfreechart-0.9.14\src\org\jfree\chart\renderer\AreaRenderer.java,218,109,81,12,22,0,87,507,54,367
C:\Users\Sarthak\Desktop\jfreechart-0.9.14\src\org\jfree\chart\renderer\AreaXYRenderer.java,434,214,143,30,53,0,167,1075,53,366
C:\Users\Sarthak\Desktop\jfreechart-0.9.14\src\org\jfree\chart\renderer\BarRenderer.java,769,448,296,63,74,6,247,1403,56,408
C:\Users\Sarthak\Desktop\jfreechart-0.9.14\src\org\jfree\chart\renderer\BarRenderer3D.java,871,548,409,50,99,10,224,1321,73,533
C:\Users\Sarthak\Desktop\jfreechart-0.9.14\src\org\jfree\chart\renderer\BoxAndWhiskerRenderer.java,629,345,236,32,77,5,207,1138,44,292
C:\Users\Sarthak\Desktop\jfreechart-0.9.14\src\org\jfree\chart\renderer\CandlestickRenderer.java,765,372,266,50,89,1,304,1733,62,468
C:\Users\Sarthak\Desktop\jfreechart-0.9.14\src\org\jfree\chart\renderer\CategoryItemRenderer.java,829,124,96,0,92,0,613,2647,65,464
C:\Users\Sarthak\Desktop\jfreechart-0.9.14\src\org\jfree\chart\renderer\CategoryItemRendererState.java,102,23,17,2,12,0,67,353,36,216
C:\Users\Sarthak\Desktop\jfreechart-0.9.14\src\org\jfree\chart\renderer\CategoryURLGeneratorTable.java,108,20,14,4,17,0,71,383,37,226
C:\Users\Sarthak\Desktop\jfreechart-0.9.14\src\org\jfree\chart\renderer\ClusteredXYBarRenderer.java,262,118,83,11,32,0,112,721,45,283
C:\Users\Sarthak\Desktop\jfreechart-0.9.14\src\org\jfree\chart\renderer\DefaultCategoryItemRenderer.java,47,3,2,0,3,0,41,230,36,214
C:\Users\Sarthak\Desktop\jfreechart-0.9.14\src\org\jfree\chart\renderer\DefaultXYItemRenderer.java,47,3,2,0,3,0,41,230,36,214
C:\Users\Sarthak\Desktop\jfreechart-0.9.14\src\org\jfree\chart\renderer\GanttRenderer.java,467,307,180,34,51,1,109,544,38,228
C:\Users\Sarthak\Desktop\jfreechart-0.9.14\src\org\jfree\chart\renderer\HighLow.java,253,77,56,12,30,0,146,719,39,246
C:\Users\Sarthak\Desktop\jfreechart-0.9.14\src\org\jfree\chart\renderer\HighLowRenderer.java,198,87,66,6,20,0,91,543,50,342
C:\Users\Sarthak\Desktop\jfreechart-0.9.14\src\org\jfree\chart\renderer\IntervalBarRenderer.java,393,231,150,26,47,0,115,600,50,324
C:\Users\Sarthak\Desktop\jfreechart-0.9.14\src\org\jfree\chart\renderer\ItemLabelAnchor.java,353,208,146,62,41,0,104,456,36,212
C:\Users\Sarthak\Desktop\jfreechart-0.9.14\src\org\jfree\chart\renderer\ItemLabelAnchorTable.java,106,19,13,4,17,0,70,364,37,217
C:\Users\Sarthak\Desktop\jfreechart-0.9.14\src\org\jfree\chart\renderer\ItemLabelPosition.java,160,50,36,11,25,0,85,424,36,214
C:\Users\Sarthak\Desktop\jfreechart-0.9.14\src\org\jfree\chart\renderer\LayeredBarRenderer.java,458,292,191,43,43,10,123,691,38,227
C:\Users\Sarthak\Desktop\jfreechart-0.9.14\src\org\jfree\chart\renderer\LineAndShapeRenderer.java,482,212,148,32,61,0,209,1177,61,430
C:\Users\Sarthak\Desktop\jfreechart-0.9.14\src\org\jfree\chart\renderer\MinMaxCategoryRenderer.java,545,233,172,28,47,0,265,1346,47,309
C:\Users\Sarthak\Desktop\jfreechart-0.9.14\src\org\jfree\chart\renderer\NotOutlierException.java,58,6,4,0,5,0,47,257,36,219
C:\Users\Sarthak\Desktop\jfreechart-0.9.14\src\org\jfree\chart\renderer\Outlier.java,174,51,34,13,17,0,106,565,37,230
C:\Users\Sarthak\Desktop\jfreechart-0.9.14\src\org\jfree\chart\renderer\OutlierList.java,175,51,38,8,19,0,105,531,37,232
C:\Users\Sarthak\Desktop\jfreechart-0.9.14\src\org\jfree\chart\renderer\OutlierListCollection.java,181,52,38,10,18,0,111,637,37,230
C:\Users\Sarthak\Desktop\jfreechart-0.9.14\src\org\jfree\chart\renderer\RangeType.java,113,26,19,8,15,0,72,374,36,212
C:\Users\Sarthak\Desktop\jfreechart-0.9.14\src\org\jfree\chart\renderer\RendererState.java,69,11,8,1,8,0,50,257,36,212
C:\Users\Sarthak\Desktop\jfreechart-0.9.14\src\org\jfree\chart\renderer\SignalRenderer.java,272,123,84,10,28,0,121,643,54,377
C:\Users\Sarthak\Desktop\jfreechart-0.9.14\src\org\jfree\chart\renderer\StackedAreaRenderer.java,242,116,82,12,28,1,98,588,51,331
C:\Users\Sarthak\Desktop\jfreechart-0.9.14\src\org\jfree\chart\renderer\StackedAreaXYRenderer.java,454,229,158,35,53,0,172,971,42,264
C:\Users\Sarthak\Desktop\jfreechart-0.9.14\src\org\jfree\chart\renderer\StackedBarRenderer.java,497,287,189,36,47,0,163,970,67,490
C:\Users\Sarthak\Desktop\jfreechart-0.9.14\src\org\jfree\chart\renderer\StackedBarRenderer3D.java,480,295,199,36,49,0,136,780,58,400
C:\Users\Sarthak\Desktop\jfreechart-0.9.14\src\org\jfree\chart\renderer\StandardXYItemRenderer.java,701,321,225,55,83,0,297,1763,69,528
C:\Users\Sarthak\Desktop\jfreechart-0.9.14\src\org\jfree\chart\renderer\StatisticalBarRenderer.java,352,217,140,20,35,10,100,595,44,281
C:\Users\Sarthak\Desktop\jfreechart-0.9.14\src\org\jfree\chart\renderer\WaterfallBarRenderer.java,430,232,164,28,53,0,145,692,38,235
C:\Users\Sarthak\Desktop\jfreechart-0.9.14\src\org\jfree\chart\renderer\WindItemRenderer.java,212,93,74,1,33,0,86,496,46,314
C:\Users\Sarthak\Desktop\jfreechart-0.9.14\src\org\jfree\chart\renderer\XYBarRenderer.java,289,134,87,12,36,0,119,701,51,339
C:\Users\Sarthak\Desktop\jfreechart-0.9.14\src\org\jfree\chart\renderer\XYBoxAndWhiskerRenderer.java,717,383,260,43,92,5,242,1316,55,378
C:\Users\Sarthak\Desktop\jfreechart-0.9.14\src\org\jfree\chart\renderer\XYBubbleRenderer.java,281,154,104,15,24,0,103,545,41,251
C:\Users\Sarthak\Desktop\jfreechart-0.9.14\src\org\jfree\chart\renderer\XYDifferenceRenderer.java,618,335,232,35,70,4,213,1147,39,237
C:\Users\Sarthak\Desktop\jfreechart-0.9.14\src\org\jfree\chart\renderer\XYDotRenderer.java,158,66,40,6,14,0,78,439,42,256
C:\Users\Sarthak\Desktop\jfreechart-0.9.14\src\org\jfree\chart\renderer\XYItemRenderer.java,449,89,49,0,40,0,320,1696,59,441
C:\Users\Sarthak\Desktop\jfreechart-0.9.14\src\org\jfree\chart\renderer\XYItemRendererState.java,58,7,5,0,6,0,45,237,36,212
C:\Users\Sarthak\Desktop\jfreechart-0.9.14\src\org\jfree\chart\renderer\XYStepAreaRenderer.java,495,250,170,33,60,0,185,1145,40,234
C:\Users\Sarthak\Desktop\jfreechart-0.9.14\src\org\jfree\chart\renderer\XYStepRenderer.java,251,137,91,16,22,4,92,552,44,282
C:\Users\Sarthak\Desktop\jfreechart-0.9.14\src\org\jfree\chart\renderer\YIntervalRenderer.java,201,101,73,7,20,0,80,444,40,243
C:\Users\Sarthak\Desktop\jfreechart-0.9.14\src\org\jfree\chart\renderer\junit\AbstractRendererTests.java,317,133,111,1,44,1,140,402,36,214
C:\Users\Sarthak\Desktop\jfreechart-0.9.14\src\org\jfree\chart\renderer\junit\AreaRendererTests.java,143,62,51,1,17,0,64,314,37,221
C:\Users\Sarthak\Desktop\jfreechart-0.9.14\src\org\jfree\chart\renderer\junit\AreaXYRendererTests.java,143,62,51,1,17,0,64,314,37,221
C:\Users\Sarthak\Desktop\jfreechart-0.9.14\src\org\jfree\chart\renderer\junit\BarRenderer3DTests.java,143,62,51,1,17,0,64,314,37,221
C:\Users\Sarthak\Desktop\jfreechart-0.9.14\src\org\jfree\chart\renderer\junit\BarRendererTests.java,160,71,59,1,21,0,68,337,38,229
C:\Users\Sarthak\Desktop\jfreechart-0.9.14\src\org\jfree\chart\renderer\junit\BoxAndWhiskerRendererTests.java,142,62,51,1,17,0,63,307,36,214
C:\Users\Sarthak\Desktop\jfreechart-0.9.14\src\org\jfree\chart\renderer\junit\CandlestickRendererTests.java,143,62,51,1,17,0,64,314,37,221
C:\Users\Sarthak\Desktop\jfreechart-0.9.14\src\org\jfree\chart\renderer\junit\ClusteredXYBarRendererTests.java,143,62,51,1,17,0,64,314,37,221
C:\Users\Sarthak\Desktop\jfreechart-0.9.14\src\org\jfree\chart\renderer\junit\DefaultCategoryItemRendererTests.java,144,62,51,1,18,0,64,314,37,221
C:\Users\Sarthak\Desktop\jfreechart-0.9.14\src\org\jfree\chart\renderer\junit\DefaultDrawingSupplierTests.java,104,36,30,1,14,0,54,274,36,214
C:\Users\Sarthak\Desktop\jfreechart-0.9.14\src\org\jfree\chart\renderer\junit\GanttRendererTests.java,143,62,51,1,18,0,63,307,36,214
C:\Users\Sarthak\Desktop\jfreechart-0.9.14\src\org\jfree\chart\renderer\junit\HighLowRendererTests.java,143,62,51,1,17,0,64,314,37,221
C:\Users\Sarthak\Desktop\jfreechart-0.9.14\src\org\jfree\chart\renderer\junit\IntervalBarRendererTests.java,142,62,51,1,17,0,63,307,36,214
C:\Users\Sarthak\Desktop\jfreechart-0.9.14\src\org\jfree\chart\renderer\junit\ItemLabelPositionTests.java,113,41,34,1,15,0,57,285,36,214
C:\Users\Sarthak\Desktop\jfreechart-0.9.14\src\org\jfree\chart\renderer\junit\LayeredBarRendererTests.java,142,62,51,1,17,0,63,307,36,214
C:\Users\Sarthak\Desktop\jfreechart-0.9.14\src\org\jfree\chart\renderer\junit\LineAndShapeRendererTests.java,197,96,83,3,28,0,73,343,36,214
C:\Users\Sarthak\Desktop\jfreechart-0.9.14\src\org\jfree\chart\renderer\junit\MinMaxCategoryRendererTests.java,142,62,51,1,17,0,63,307,36,214
C:\Users\Sarthak\Desktop\jfreechart-0.9.14\src\org\jfree\chart\renderer\junit\RendererChangeDetector.java,87,18,13,1,10,0,59,320,36,214
C:\Users\Sarthak\Desktop\jfreechart-0.9.14\src\org\jfree\chart\renderer\junit\RendererPackageTests.java,107,46,43,1,7,0,54,277,37,218
C:\Users\Sarthak\Desktop\jfreechart-0.9.14\src\org\jfree\chart\renderer\junit\SignalRendererTests.java,104,36,30,1,14,0,54,274,36,214
C:\Users\Sarthak\Desktop\jfreechart-0.9.14\src\org\jfree\chart\renderer\junit\StackedAreaRendererTests.java,143,62,51,1,18,0,63,307,36,214
C:\Users\Sarthak\Desktop\jfreechart-0.9.14\src\org\jfree\chart\renderer\junit\StackedAreaXYRendererTests.java,143,62,51,1,18,0,63,307,36,214
C:\Users\Sarthak\Desktop\jfreechart-0.9.14\src\org\jfree\chart\renderer\junit\StackedBarRenderer3DTests.java,142,62,51,1,17,0,63,307,36,214
C:\Users\Sarthak\Desktop\jfreechart-0.9.14\src\org\jfree\chart\renderer\junit\StackedBarRendererTests.java,142,62,51,1,17,0,63,307,36,214
C:\Users\Sarthak\Desktop\jfreechart-0.9.14\src\org\jfree\chart\renderer\junit\StandardXYItemRendererTests.java,143,62,51,1,17,0,64,314,37,221
C:\Users\Sarthak\Desktop\jfreechart-0.9.14\src\org\jfree\chart\renderer\junit\StatisticalBarRendererTests.java,142,62,51,1,17,0,63,307,36,214
C:\Users\Sarthak\Desktop\jfreechart-0.9.14\src\org\jfree\chart\renderer\junit\WaterfallBarRendererTests.java,175,83,72,1,24,0,68,317,36,214
C:\Users\Sarthak\Desktop\jfreechart-0.9.14\src\org\jfree\chart\renderer\junit\WindItemRendererTests.java,142,62,51,1,17,0,63,307,36,214
C:\Users\Sarthak\Desktop\jfreechart-0.9.14\src\org\jfree\chart\renderer\junit\XYBarRendererTests.java,143,62,51,1,17,0,64,314,37,221
C:\Users\Sarthak\Desktop\jfreechart-0.9.14\src\org\jfree\chart\renderer\junit\XYBoxAndWhiskerRendererTests.java,143,62,51,1,18,0,63,307,36,214
C:\Users\Sarthak\Desktop\jfreechart-0.9.14\src\org\jfree\chart\renderer\junit\XYBubbleRendererTests.java,142,62,51,1,17,0,63,307,36,214
C:\Users\Sarthak\Desktop\jfreechart-0.9.14\src\org\jfree\chart\renderer\junit\XYDifferenceRendererTests.java,143,63,52,1,17,0,63,307,36,214
C:\Users\Sarthak\Desktop\jfreechart-0.9.14\src\org\jfree\chart\renderer\junit\XYDotRendererTests.java,142,62,51,1,17,0,63,307,36,214
C:\Users\Sarthak\Desktop\jfreechart-0.9.14\src\org\jfree\chart\renderer\junit\XYStepAreaRendererTests.java,141,62,51,1,15,0,64,319,37,226
C:\Users\Sarthak\Desktop\jfreechart-0.9.14\src\org\jfree\chart\renderer\junit\XYStepRendererTests.java,142,62,51,1,17,0,63,307,36,214
C:\Users\Sarthak\Desktop\jfreechart-0.9.14\src\org\jfree\chart\renderer\junit\YIntervalRendererTests.java,142,62,51,1,17,0,63,307,36,214
C:\Users\Sarthak\Desktop\jfreechart-0.9.14\src\org\jfree\chart\resources\JFreeChartResources.java,78,14,11,1,8,0,56,336,45,294
C:\Users\Sarthak\Desktop\jfreechart-0.9.14\src\org\jfree\chart\servlet\ChartDeleter.java,115,31,23,3,13,0,71,385,37,219
C:\Users\Sarthak\Desktop\jfreechart-0.9.14\src\org\jfree\chart\servlet\DisplayChart.java,138,47,35,6,15,0,76,359,36,210
C:\Users\Sarthak\Desktop\jfreechart-0.9.14\src\org\jfree\chart\servlet\ServletUtilities.java,329,134,91,18,38,0,157,1008,42,283
C:\Users\Sarthak\Desktop\jfreechart-0.9.14\src\org\jfree\chart\ui\AxisPropertyEditPanel.java,489,248,196,22,77,0,164,886,43,280
C:\Users\Sarthak\Desktop\jfreechart-0.9.14\src\org\jfree\chart\ui\ChartPropertyEditPanel.java,285,133,115,9,41,0,111,610,42,285
C:\Users\Sarthak\Desktop\jfreechart-0.9.14\src\org\jfree\chart\ui\ColorBarPropertyEditPanel.java,207,100,80,5,30,5,77,440,38,238
C:\Users\Sarthak\Desktop\jfreechart-0.9.14\src\org\jfree\chart\ui\ColorPalette.java,429,180,139,31,57,1,192,737,38,234
C:\Users\Sarthak\Desktop\jfreechart-0.9.14\src\org\jfree\chart\ui\GreyPalette.java,85,25,21,1,12,0,48,255,37,228
C:\Users\Sarthak\Desktop\jfreechart-0.9.14\src\org\jfree\chart\ui\LegendPropertyEditPanel.java,334,178,140,12,45,0,111,574,40,254
C:\Users\Sarthak\Desktop\jfreechart-0.9.14\src\org\jfree\chart\ui\NumberAxisPropertyEditPanel.java,378,180,141,11,50,0,148,707,43,282
C:\Users\Sarthak\Desktop\jfreechart-0.9.14\src\org\jfree\chart\ui\PaletteChooserPanel.java,79,18,15,1,8,0,53,281,36,218
C:\Users\Sarthak\Desktop\jfreechart-0.9.14\src\org\jfree\chart\ui\PaletteSample.java,157,59,49,5,18,0,80,394,36,218
C:\Users\Sarthak\Desktop\jfreechart-0.9.14\src\org\jfree\chart\ui\PlotPropertyEditPanel.java,433,246,193,27,60,0,127,745,44,295
C:\Users\Sarthak\Desktop\jfreechart-0.9.14\src\org\jfree\chart\ui\RainbowPalette.java,134,68,20,0,13,0,53,300,37,228
C:\Users\Sarthak\Desktop\jfreechart-0.9.14\src\org\jfree\chart\ui\TitlePropertyEditPanel.java,238,100,79,7,37,0,101,572,43,288
C:\Users\Sarthak\Desktop\jfreechart-0.9.14\src\org\jfree\chart\urls\CategoryURLGenerator.java,74,6,5,0,7,0,61,337,40,255
C:\Users\Sarthak\Desktop\jfreechart-0.9.14\src\org\jfree\chart\urls\CustomXYURLGenerator.java,174,65,46,18,21,0,88,403,38,234
C:\Users\Sarthak\Desktop\jfreechart-0.9.14\src\org\jfree\chart\urls\PieURLGenerator.java,63,5,4,0,5,0,53,318,39,249
C:\Users\Sarthak\Desktop\jfreechart-0.9.14\src\org\jfree\chart\urls\StandardCategoryURLGenerator.java,169,54,37,9,26,0,89,484,42,273
C:\Users\Sarthak\Desktop\jfreechart-0.9.14\src\org\jfree\chart\urls\StandardPieURLGenerator.java,137,40,28,10,19,0,78,376,40,255
C:\Users\Sarthak\Desktop\jfreechart-0.9.14\src\org\jfree\chart\urls\StandardXYURLGenerator.java,115,28,20,1,15,0,72,400,40,251
C:\Users\Sarthak\Desktop\jfreechart-0.9.14\src\org\jfree\chart\urls\StandardXYZURLGenerator.java,64,8,5,1,6,0,50,267,36,214
C:\Users\Sarthak\Desktop\jfreechart-0.9.14\src\org\jfree\chart\urls\TimeSeriesURLGenerator.java,119,35,29,2,17,0,67,367,38,231
C:\Users\Sarthak\Desktop\jfreechart-0.9.14\src\org\jfree\chart\urls\URLGenerator.java,48,1,1,0,3,0,44,246,37,228
C:\Users\Sarthak\Desktop\jfreechart-0.9.14\src\org\jfree\chart\urls\XYURLGenerator.java,61,5,4,0,5,0,51,292,37,228
C:\Users\Sarthak\Desktop\jfreechart-0.9.14\src\org\jfree\chart\urls\XYZURLGenerator.java,61,5,4,0,6,0,50,278,36,214
C:\Users\Sarthak\Desktop\jfreechart-0.9.14\src\org\jfree\chart\urls\junit\CustomXYURLGeneratorTests.java,118,47,41,1,17,0,54,274,36,214
C:\Users\Sarthak\Desktop\jfreechart-0.9.14\src\org\jfree\chart\urls\junit\StandardCategoryURLGeneratorTests.java,104,36,30,1,14,0,54,274,36,214
C:\Users\Sarthak\Desktop\jfreechart-0.9.14\src\org\jfree\chart\urls\junit\StandardPieURLGeneratorTests.java,104,36,30,1,14,0,54,274,36,214
C:\Users\Sarthak\Desktop\jfreechart-0.9.14\src\org\jfree\chart\urls\junit\UrlsPackageTests.java,77,16,13,1,7,0,54,278,37,219
C:\Users\Sarthak\Desktop\jfreechart-0.9.14\src\org\jfree\data\AbstractDataset.java,216,60,41,4,27,3,129,748,48,335
C:\Users\Sarthak\Desktop\jfreechart-0.9.14\src\org\jfree\data\AbstractSeriesDataset.java,90,15,9,0,9,0,66,336,40,241
C:\Users\Sarthak\Desktop\jfreechart-0.9.14\src\org\jfree\data\CategoryDataset.java,64,3,2,0,5,0,56,355,47,307
C:\Users\Sarthak\Desktop\jfreechart-0.9.14\src\org\jfree\data\CategoryToPieDataset.java,228,98,64,24,29,6,101,481,37,221
C:\Users\Sarthak\Desktop\jfreechart-0.9.14\src\org\jfree\data\CombinationDataset.java,70,5,4,0,7,0,58,327,36,207
C:\Users\Sarthak\Desktop\jfreechart-0.9.14\src\org\jfree\data\CombinedDataset.java,518,186,130,49,50,0,282,1456,43,277
C:\Users\Sarthak\Desktop\jfreechart-0.9.14\src\org\jfree\data\ContourDataset.java,102,10,9,0,10,0,82,398,36,216
C:\Users\Sarthak\Desktop\jfreechart-0.9.14\src\org\jfree\data\Dataset.java,92,7,6,0,8,0,77,434,44,287
C:\Users\Sarthak\Desktop\jfreechart-0.9.14\src\org\jfree\data\DatasetChangeEvent.java,81,11,8,1,7,0,63,375,41,276
C:\Users\Sarthak\Desktop\jfreechart-0.9.14\src\org\jfree\data\DatasetChangeListener.java,62,5,4,0,6,0,51,299,40,254
C:\Users\Sarthak\Desktop\jfreechart-0.9.14\src\org\jfree\data\DatasetGroup.java,70,9,6,1,7,0,54,286,38,225
C:\Users\Sarthak\Desktop\jfreechart-0.9.14\src\org\jfree\data\DatasetUtilities.java,1267,723,503,194,167,6,377,2103,67,531
C:\Users\Sarthak\Desktop\jfreechart-0.9.14\src\org\jfree\data\DataUtilities.java,84,22,16,5,10,0,52,288,36,212
C:\Users\Sarthak\Desktop\jfreechart-0.9.14\src\org\jfree\data\DateRange.java,143,33,25,3,23,0,87,441,38,238
C:\Users\Sarthak\Desktop\jfreechart-0.9.14\src\org\jfree\data\DefaultCategoryDataset.java,333,118,82,27,33,0,182,763,38,233
C:\Users\Sarthak\Desktop\jfreechart-0.9.14\src\org\jfree\data\DefaultContourDataset.java,492,206,141,55,53,10,233,1129,36,233
C:\Users\Sarthak\Desktop\jfreechart-0.9.14\src\org\jfree\data\DefaultHighLowDataset.java,255,64,45,13,31,0,160,781,37,222
C:\Users\Sarthak\Desktop\jfreechart-0.9.14\src\org\jfree\data\DefaultIntervalCategoryDataset.java,766,313,191,67,118,0,335,1608,37,231
C:\Users\Sarthak\Desktop\jfreechart-0.9.14\src\org\jfree\data\DefaultKeyedValue.java,142,43,30,13,16,0,83,390,38,229
C:\Users\Sarthak\Desktop\jfreechart-0.9.14\src\org\jfree\data\DefaultKeyedValueDataset.java,169,51,36,11,24,0,94,418,37,212
C:\Users\Sarthak\Desktop\jfreechart-0.9.14\src\org\jfree\data\DefaultKeyedValues.java,323,141,102,31,37,0,145,664,42,273
C:\Users\Sarthak\Desktop\jfreechart-0.9.14\src\org\jfree\data\DefaultKeyedValues2D.java,351,140,101,33,39,0,172,694,39,231
C:\Users\Sarthak\Desktop\jfreechart-0.9.14\src\org\jfree\data\DefaultKeyedValues2DDataset.java,52,5,3,0,5,0,42,241,37,225
C:\Users\Sarthak\Desktop\jfreechart-0.9.14\src\org\jfree\data\DefaultKeyedValuesDataset.java,49,3,2,0,4,0,42,228,37,212
C:\Users\Sarthak\Desktop\jfreechart-0.9.14\src\org\jfree\data\DefaultMeterDataset.java,398,151,107,27,58,0,189,827,38,236
C:\Users\Sarthak\Desktop\jfreechart-0.9.14\src\org\jfree\data\DefaultPieDataset.java,257,93,65,26,38,0,126,566,45,294
C:\Users\Sarthak\Desktop\jfreechart-0.9.14\src\org\jfree\data\DefaultTableXYDataset.java,378,158,112,35,57,0,163,759,39,248
C:\Users\Sarthak\Desktop\jfreechart-0.9.14\src\org\jfree\data\DefaultValueDataset.java,128,36,25,8,19,0,73,324,37,212
C:\Users\Sarthak\Desktop\jfreechart-0.9.14\src\org\jfree\data\DefaultWindDataset.java,311,123,91,22,36,0,152,763,36,221
C:\Users\Sarthak\Desktop\jfreechart-0.9.14\src\org\jfree\data\DomainInfo.java,76,6,5,0,7,0,63,350,40,248
C:\Users\Sarthak\Desktop\jfreechart-0.9.14\src\org\jfree\data\Function2D.java,57,4,3,0,5,0,48,256,36,213
C:\Users\Sarthak\Desktop\jfreechart-0.9.14\src\org\jfree\data\HighLowDataset.java,104,8,7,0,9,0,87,473,39,245
C:\Users\Sarthak\Desktop\jfreechart-0.9.14\src\org\jfree\data\HistogramBin.java,117,30,20,5,13,0,74,350,37,230
C:\Users\Sarthak\Desktop\jfreechart-0.9.14\src\org\jfree\data\HistogramDataset.java,364,146,103,32,31,2,187,870,38,240
C:\Users\Sarthak\Desktop\jfreechart-0.9.14\src\org\jfree\data\IntervalCategoryDataset.java,92,7,6,0,8,0,77,436,40,264
C:\Users\Sarthak\Desktop\jfreechart-0.9.14\src\org\jfree\data\IntervalXYDataset.java,93,7,6,0,8,0,78,467,37,229
C:\Users\Sarthak\Desktop\jfreechart-0.9.14\src\org\jfree\data\IntervalXYZDataset.java,109,9,8,0,10,0,90,520,36,212
C:\Users\Sarthak\Desktop\jfreechart-0.9.14\src\org\jfree\data\JDBCCategoryDataset.java,315,153,98,16,31,0,131,788,44,316
C:\Users\Sarthak\Desktop\jfreechart-0.9.14\src\org\jfree\data\JDBCPieDataset.java,236,112,74,9,26,0,98,621,40,279
C:\Users\Sarthak\Desktop\jfreechart-0.9.14\src\org\jfree\data\JDBCXYDataset.java,518,273,178,42,51,1,194,1047,44,320
C:\Users\Sarthak\Desktop\jfreechart-0.9.14\src\org\jfree\data\KeyedObject.java,92,18,13,2,10,0,64,286,36,212
C:\Users\Sarthak\Desktop\jfreechart-0.9.14\src\org\jfree\data\KeyedObjects.java,209,73,54,12,25,0,111,481,36,212
C:\Users\Sarthak\Desktop\jfreechart-0.9.14\src\org\jfree\data\KeyedObjects2D.java,286,100,74,16,32,0,154,624,36,212
C:\Users\Sarthak\Desktop\jfreechart-0.9.14\src\org\jfree\data\KeyedValue.java,57,4,3,0,5,0,48,244,36,213
C:\Users\Sarthak\Desktop\jfreechart-0.9.14\src\org\jfree\data\KeyedValueComparator.java,152,77,52,14,15,0,60,335,37,222
C:\Users\Sarthak\Desktop\jfreechart-0.9.14\src\org\jfree\data\KeyedValueComparatorType.java,102,27,18,8,13,0,62,310,36,212
C:\Users\Sarthak\Desktop\jfreechart-0.9.14\src\org\jfree\data\KeyedValueDataset.java,50,3,2,0,5,0,42,230,36,212
C:\Users\Sarthak\Desktop\jfreechart-0.9.14\src\org\jfree\data\KeyedValues.java,89,8,7,0,9,0,72,333,36,213
C:\Users\Sarthak\Desktop\jfreechart-0.9.14\src\org\jfree\data\KeyedValues2D.java,113,11,10,0,12,0,90,400,36,213
C:\Users\Sarthak\Desktop\jfreechart-0.9.14\src\org\jfree\data\KeyedValues2DDataset.java,53,3,2,0,5,0,45,262,38,228
C:\Users\Sarthak\Desktop\jfreechart-0.9.14\src\org\jfree\data\KeyedValuesDataset.java,51,3,2,0,5,0,43,239,37,220
C:\Users\Sarthak\Desktop\jfreechart-0.9.14\src\org\jfree\data\LineFunction2D.java,76,12,9,1,8,0,56,279,36,213
C:\Users\Sarthak\Desktop\jfreechart-0.9.14\src\org\jfree\data\MatrixSeries.java,188,49,36,9,29,0,110,547,36,218
C:\Users\Sarthak\Desktop\jfreechart-0.9.14\src\org\jfree\data\MatrixSeriesCollection.java,311,101,71,21,46,2,164,744,36,218
C:\Users\Sarthak\Desktop\jfreechart-0.9.14\src\org\jfree\data\MeanAndStandardDeviation.java,84,15,11,2,9,0,60,299,36,212
C:\Users\Sarthak\Desktop\jfreechart-0.9.14\src\org\jfree\data\MeterDataset.java,144,18,17,0,19,0,107,521,39,244
C:\Users\Sarthak\Desktop\jfreechart-0.9.14\src\org\jfree\data\MovingAverage.java,393,189,119,37,60,0,144,866,38,239
C:\Users\Sarthak\Desktop\jfreechart-0.9.14\src\org\jfree\data\MultiIntervalCategoryDataset.java,117,9,8,0,10,0,98,481,37,222
C:\Users\Sarthak\Desktop\jfreechart-0.9.14\src\org\jfree\data\NonGridContourDataset.java,216,101,77,14,25,2,90,534,36,218
C:\Users\Sarthak\Desktop\jfreechart-0.9.14\src\org\jfree\data\NormalizedMatrixSeries.java,144,32,25,2,19,0,93,477,36,218
C:\Users\Sarthak\Desktop\jfreechart-0.9.14\src\org\jfree\data\PieDataset.java,56,3,2,0,5,0,48,297,40,257
C:\Users\Sarthak\Desktop\jfreechart-0.9.14\src\org\jfree\data\PowerFunction2D.java,76,12,9,1,8,0,56,289,36,213
C:\Users\Sarthak\Desktop\jfreechart-0.9.14\src\org\jfree\data\Range.java,204,61,43,19,25,0,118,596,50,330
C:\Users\Sarthak\Desktop\jfreechart-0.9.14\src\org\jfree\data\RangeInfo.java,75,6,5,0,7,0,62,343,39,239
C:\Users\Sarthak\Desktop\jfreechart-0.9.14\src\org\jfree\data\Regression.java,227,115,102,12,28,0,84,474,37,219
C:\Users\Sarthak\Desktop\jfreechart-0.9.14\src\org\jfree\data\Series.java,313,105,78,14,48,1,160,804,44,292
C:\Users\Sarthak\Desktop\jfreechart-0.9.14\src\org\jfree\data\SeriesChangeEvent.java,61,8,6,0,6,0,47,253,37,218
C:\Users\Sarthak\Desktop\jfreechart-0.9.14\src\org\jfree\data\SeriesChangeListener.java,58,5,4,0,6,0,47,264,37,226
C:\Users\Sarthak\Desktop\jfreechart-0.9.14\src\org\jfree\data\SeriesDataset.java,70,5,4,0,6,0,59,299,36,220
C:\Users\Sarthak\Desktop\jfreechart-0.9.14\src\org\jfree\data\SeriesException.java,61,7,5,0,6,0,48,262,38,229
C:\Users\Sarthak\Desktop\jfreechart-0.9.14\src\org\jfree\data\SignalsDataset.java,80,9,8,0,10,0,61,318,36,220
C:\Users\Sarthak\Desktop\jfreechart-0.9.14\src\org\jfree\data\Statistics.java,245,98,71,20,31,0,116,611,41,258
C:\Users\Sarthak\Desktop\jfreechart-0.9.14\src\org\jfree\data\SubSeriesDataset.java,370,98,64,30,33,1,239,1221,42,258
C:\Users\Sarthak\Desktop\jfreechart-0.9.14\src\org\jfree\data\TableXYDataset.java,55,4,3,0,4,0,47,285,36,216
C:\Users\Sarthak\Desktop\jfreechart-0.9.14\src\org\jfree\data\TimeSeriesTableModel.java,267,118,77,31,33,0,116,572,39,237
C:\Users\Sarthak\Desktop\jfreechart-0.9.14\src\org\jfree\data\Value.java,55,4,3,0,5,0,46,240,36,213
C:\Users\Sarthak\Desktop\jfreechart-0.9.14\src\org\jfree\data\ValueDataset.java,50,3,2,0,5,0,42,234,36,212
C:\Users\Sarthak\Desktop\jfreechart-0.9.14\src\org\jfree\data\Values.java,65,5,4,0,6,0,54,277,37,220
C:\Users\Sarthak\Desktop\jfreechart-0.9.14\src\org\jfree\data\Values2D.java,72,6,5,0,7,0,59,300,36,213
C:\Users\Sarthak\Desktop\jfreechart-0.9.14\src\org\jfree\data\WindDataset.java,65,5,4,0,6,0,54,314,36,221
C:\Users\Sarthak\Desktop\jfreechart-0.9.14\src\org\jfree\data\XisSymbolic.java,76,6,5,0,6,0,64,330,36,216
C:\Users\Sarthak\Desktop\jfreechart-0.9.14\src\org\jfree\data\XYDataItem.java,170,54,38,7,23,1,93,444,36,214
C:\Users\Sarthak\Desktop\jfreechart-0.9.14\src\org\jfree\data\XYDataPair.java,75,9,6,0,6,0,60,309,41,248
C:\Users\Sarthak\Desktop\jfreechart-0.9.14\src\org\jfree\data\XYDataset.java,83,6,5,0,7,0,70,380,39,246
C:\Users\Sarthak\Desktop\jfreechart-0.9.14\src\org\jfree\data\XYDatasetTableModel.java,227,63,42,18,18,0,146,591,33,207
C:\Users\Sarthak\Desktop\jfreechart-0.9.14\src\org\jfree\data\XYSeries.java,462,150,107,27,54,0,258,1376,50,323
C:\Users\Sarthak\Desktop\jfreechart-0.9.14\src\org\jfree\data\XYSeriesCollection.java,305,100,70,21,56,0,149,699,41,253
C:\Users\Sarthak\Desktop\jfreechart-0.9.14\src\org\jfree\data\XYZDataset.java,58,4,3,0,4,0,50,281,36,212
C:\Users\Sarthak\Desktop\jfreechart-0.9.14\src\org\jfree\data\YisSymbolic.java,76,6,5,0,6,0,64,330,36,216
C:\Users\Sarthak\Desktop\jfreechart-0.9.14\src\org\jfree\data\gantt\GanttCategoryDataset.java,159,14,13,0,15,0,130,623,37,222
C:\Users\Sarthak\Desktop\jfreechart-0.9.14\src\org\jfree\data\gantt\Task.java,193,53,39,5,23,0,117,500,37,219
C:\Users\Sarthak\Desktop\jfreechart-0.9.14\src\org\jfree\data\gantt\TaskSeries.java,129,32,24,3,14,0,83,400,39,242
C:\Users\Sarthak\Desktop\jfreechart-0.9.14\src\org\jfree\data\gantt\TaskSeriesCollection.java,593,230,175,43,73,0,290,1251,42,257
C:\Users\Sarthak\Desktop\jfreechart-0.9.14\src\org\jfree\data\junit\DataPackageTests.java,89,25,22,1,7,0,57,327,41,263
C:\Users\Sarthak\Desktop\jfreechart-0.9.14\src\org\jfree\data\junit\DatasetUtilitiesTests.java,134,57,50,1,13,0,64,332,36,214
C:\Users\Sarthak\Desktop\jfreechart-0.9.14\src\org\jfree\data\junit\DefaultKeyedValueDatasetTests.java,141,61,51,1,20,0,60,295,36,214
C:\Users\Sarthak\Desktop\jfreechart-0.9.14\src\org\jfree\data\junit\DefaultKeyedValues2DDatasetTests.java,129,56,47,1,16,0,57,281,36,214
C:\Users\Sarthak\Desktop\jfreechart-0.9.14\src\org\jfree\data\junit\DefaultKeyedValues2DTests.java,129,56,47,1,16,0,57,281,36,214
C:\Users\Sarthak\Desktop\jfreechart-0.9.14\src\org\jfree\data\junit\DefaultKeyedValuesDatasetTests.java,130,57,48,1,16,0,57,281,36,214
C:\Users\Sarthak\Desktop\jfreechart-0.9.14\src\org\jfree\data\junit\DefaultKeyedValuesTests.java,300,157,142,1,52,0,91,410,37,220
C:\Users\Sarthak\Desktop\jfreechart-0.9.14\src\org\jfree\data\junit\DefaultKeyedValueTests.java,141,61,51,1,20,0,60,295,36,214
C:\Users\Sarthak\Desktop\jfreechart-0.9.14\src\org\jfree\data\junit\MovingAverageTests.java,123,49,44,2,13,0,61,305,36,214
C:\Users\Sarthak\Desktop\jfreechart-0.9.14\src\org\jfree\data\junit\PieDatasetTests.java,129,56,47,1,16,0,57,281,36,214
C:\Users\Sarthak\Desktop\jfreechart-0.9.14\src\org\jfree\data\junit\RangeTests.java,104,36,30,1,14,0,54,274,36,214
C:\Users\Sarthak\Desktop\jfreechart-0.9.14\src\org\jfree\data\junit\RegressionTests.java,277,134,117,7,50,0,93,463,37,224
C:\Users\Sarthak\Desktop\jfreechart-0.9.14\src\org\jfree\data\junit\TableXYDatasetTests.java,127,49,45,1,16,0,62,338,38,239
C:\Users\Sarthak\Desktop\jfreechart-0.9.14\src\org\jfree\data\junit\TaskSeriesCollectionTests.java,127,47,42,1,21,0,59,302,37,224
C:\Users\Sarthak\Desktop\jfreechart-0.9.14\src\org\jfree\data\resources\DataPackageResources.java,68,11,9,1,9,0,48,265,37,220
C:\Users\Sarthak\Desktop\jfreechart-0.9.14\src\org\jfree\data\resources\DataPackageResources_de.java,68,11,9,1,9,0,48,272,37,227
C:\Users\Sarthak\Desktop\jfreechart-0.9.14\src\org\jfree\data\resources\DataPackageResources_es.java,69,11,9,1,10,0,48,270,37,226
C:\Users\Sarthak\Desktop\jfreechart-0.9.14\src\org\jfree\data\resources\DataPackageResources_fr.java,67,11,9,1,9,0,47,251,36,207
C:\Users\Sarthak\Desktop\jfreechart-0.9.14\src\org\jfree\data\resources\DataPackageResources_pl.java,69,11,9,1,9,0,49,269,38,225
C:\Users\Sarthak\Desktop\jfreechart-0.9.14\src\org\jfree\data\statistics\BoxAndWhiskerCalculator.java,273,150,104,25,33,0,90,473,37,226
C:\Users\Sarthak\Desktop\jfreechart-0.9.14\src\org\jfree\data\statistics\BoxAndWhiskerCategoryDataset.java,237,23,22,0,24,0,190,844,38,238
C:\Users\Sarthak\Desktop\jfreechart-0.9.14\src\org\jfree\data\statistics\BoxAndWhiskerItem.java,193,60,41,9,26,0,107,458,35,213
C:\Users\Sarthak\Desktop\jfreechart-0.9.14\src\org\jfree\data\statistics\BoxAndWhiskerXYDataset.java,171,16,15,0,18,0,137,751,44,256
C:\Users\Sarthak\Desktop\jfreechart-0.9.14\src\org\jfree\data\statistics\DefaultBoxAndWhiskerCategoryDataset.java,634,227,167,51,93,0,314,1325,39,259
C:\Users\Sarthak\Desktop\jfreechart-0.9.14\src\org\jfree\data\statistics\DefaultBoxAndWhiskerXYDataset.java,455,166,120,34,42,0,247,1343,44,305
C:\Users\Sarthak\Desktop\jfreechart-0.9.14\src\org\jfree\data\statistics\DefaultStatisticalCategoryDataset.java,328,111,77,23,43,0,174,738,40,252
C:\Users\Sarthak\Desktop\jfreechart-0.9.14\src\org\jfree\data\statistics\StatisticalCategoryDataset.java,94,8,7,0,10,0,76,384,38,241
C:\Users\Sarthak\Desktop\jfreechart-0.9.14\src\org\jfree\data\statistics\Statistics.java,242,98,71,20,31,0,113,598,40,251
C:\Users\Sarthak\Desktop\jfreechart-0.9.14\src\org\jfree\data\statistics\junit\BoxAndWhiskerCalculatorTests.java,138,54,46,2,13,0,71,316,36,214
C:\Users\Sarthak\Desktop\jfreechart-0.9.14\src\org\jfree\data\statistics\junit\StatisticsPackageTests.java,73,14,11,1,7,0,52,278,36,214
C:\Users\Sarthak\Desktop\jfreechart-0.9.14\src\org\jfree\data\time\Day.java,402,148,109,24,55,0,199,1048,50,346
C:\Users\Sarthak\Desktop\jfreechart-0.9.14\src\org\jfree\data\time\DynamicTimeSeriesCollection.java,914,387,278,73,95,21,432,2183,46,314
C:\Users\Sarthak\Desktop\jfreechart-0.9.14\src\org\jfree\data\time\FixedMillisecond.java,281,94,66,20,39,0,148,696,41,259
C:\Users\Sarthak\Desktop\jfreechart-0.9.14\src\org\jfree\data\time\Hour.java,393,145,108,24,58,2,190,953,48,330
C:\Users\Sarthak\Desktop\jfreechart-0.9.14\src\org\jfree\data\time\Millisecond.java,344,120,85,22,51,0,173,818,44,290
C:\Users\Sarthak\Desktop\jfreechart-0.9.14\src\org\jfree\data\time\Minute.java,374,143,108,22,55,2,176,910,49,348
C:\Users\Sarthak\Desktop\jfreechart-0.9.14\src\org\jfree\data\time\Month.java,455,189,133,35,63,0,203,1056,50,344
C:\Users\Sarthak\Desktop\jfreechart-0.9.14\src\org\jfree\data\time\Quarter.java,396,150,112,25,61,0,185,982,49,336
C:\Users\Sarthak\Desktop\jfreechart-0.9.14\src\org\jfree\data\time\RegularTimePeriod.java,234,49,38,10,32,0,153,803,43,270
C:\Users\Sarthak\Desktop\jfreechart-0.9.14\src\org\jfree\data\time\Second.java,360,130,96,23,54,0,176,877,49,338
C:\Users\Sarthak\Desktop\jfreechart-0.9.14\src\org\jfree\data\time\SimpleTimePeriod.java,139,34,26,6,20,0,85,425,39,240
C:\Users\Sarthak\Desktop\jfreechart-0.9.14\src\org\jfree\data\time\TimePeriod.java,66,6,5,0,7,0,53,267,37,222
C:\Users\Sarthak\Desktop\jfreechart-0.9.14\src\org\jfree\data\time\TimePeriodAnchor.java,107,27,20,8,16,0,64,310,36,212
C:\Users\Sarthak\Desktop\jfreechart-0.9.14\src\org\jfree\data\time\TimePeriodFormatException.java,57,6,4,0,5,0,46,257,36,219
C:\Users\Sarthak\Desktop\jfreechart-0.9.14\src\org\jfree\data\time\TimePeriodValue.java,164,53,38,7,26,1,85,395,36,212
C:\Users\Sarthak\Desktop\jfreechart-0.9.14\src\org\jfree\data\time\TimePeriodValues.java,541,224,162,41,88,0,229,1135,37,226
C:\Users\Sarthak\Desktop\jfreechart-0.9.14\src\org\jfree\data\time\TimePeriodValuesCollection.java,530,203,147,32,72,0,255,1230,36,212
C:\Users\Sarthak\Desktop\jfreechart-0.9.14\src\org\jfree\data\time\TimeSeries.java,823,329,236,60,124,4,370,2079,54,406
C:\Users\Sarthak\Desktop\jfreechart-0.9.14\src\org\jfree\data\time\TimeSeriesCollection.java,646,248,182,45,91,0,307,1656,58,436
C:\Users\Sarthak\Desktop\jfreechart-0.9.14\src\org\jfree\data\time\TimeSeriesDataItem.java,223,64,46,9,32,1,127,637,41,255
C:\Users\Sarthak\Desktop\jfreechart-0.9.14\src\org\jfree\data\time\Week.java,553,251,184,41,80,0,222,1204,51,360
C:\Users\Sarthak\Desktop\jfreechart-0.9.14\src\org\jfree\data\time\Year.java,332,113,78,22,48,0,171,885,49,336
C:\Users\Sarthak\Desktop\jfreechart-0.9.14\src\org\jfree\data\time\junit\DataTimePackageTests.java,86,27,24,1,7,0,52,276,36,212
C:\Users\Sarthak\Desktop\jfreechart-0.9.14\src\org\jfree\data\time\junit\DayTests.java,247,102,85,1,45,0,100,503,42,259
C:\Users\Sarthak\Desktop\jfreechart-0.9.14\src\org\jfree\data\time\junit\FixedMillisecondTests.java,118,44,37,1,15,0,59,302,38,227
C:\Users\Sarthak\Desktop\jfreechart-0.9.14\src\org\jfree\data\time\junit\HourTests.java,246,103,86,1,44,0,99,483,39,234
C:\Users\Sarthak\Desktop\jfreechart-0.9.14\src\org\jfree\data\time\junit\MillisecondTests.java,195,88,76,1,29,0,78,375,38,227
C:\Users\Sarthak\Desktop\jfreechart-0.9.14\src\org\jfree\data\time\junit\MinuteTests.java,190,82,70,1,29,0,79,381,39,234
C:\Users\Sarthak\Desktop\jfreechart-0.9.14\src\org\jfree\data\time\junit\MonthTests.java,272,127,104,1,42,0,103,506,41,252
C:\Users\Sarthak\Desktop\jfreechart-0.9.14\src\org\jfree\data\time\junit\QuarterTests.java,269,127,104,1,42,0,100,480,38,226
C:\Users\Sarthak\Desktop\jfreechart-0.9.14\src\org\jfree\data\time\junit\SecondTests.java,193,85,73,1,30,0,78,375,38,227
C:\Users\Sarthak\Desktop\jfreechart-0.9.14\src\org\jfree\data\time\junit\SimpleTimePeriodTests.java,145,57,47,1,19,0,69,322,37,217
C:\Users\Sarthak\Desktop\jfreechart-0.9.14\src\org\jfree\data\time\junit\TimePeriodValuesTests.java,242,135,113,1,38,0,69,336,36,210
C:\Users\Sarthak\Desktop\jfreechart-0.9.14\src\org\jfree\data\time\junit\TimePeriodValueTests.java,130,49,40,1,18,0,63,294,36,210
C:\Users\Sarthak\Desktop\jfreechart-0.9.14\src\org\jfree\data\time\junit\TimeSeriesCollectionTests.java,135,51,46,1,22,0,62,326,36,210
C:\Users\Sarthak\Desktop\jfreechart-0.9.14\src\org\jfree\data\time\junit\TimeSeriesDataItemTests.java,132,49,40,1,18,0,65,300,36,210
C:\Users\Sarthak\Desktop\jfreechart-0.9.14\src\org\jfree\data\time\junit\TimeSeriesTests.java,386,223,183,1,74,0,89,439,39,235
C:\Users\Sarthak\Desktop\jfreechart-0.9.14\src\org\jfree\data\time\junit\WeekTests.java,183,75,62,1,25,0,83,403,40,241
C:\Users\Sarthak\Desktop\jfreechart-0.9.14\src\org\jfree\data\time\junit\YearTests.java,259,122,99,1,39,0,98,480,40,249
C:\Users\Sarthak\Desktop\jfreechart-0.9.14\src\org\jfree\data\xml\CategoryDatasetHandler.java,137,46,30,3,15,0,76,355,36,214
C:\Users\Sarthak\Desktop\jfreechart-0.9.14\src\org\jfree\data\xml\CategorySeriesHandler.java,150,53,37,3,20,0,77,361,36,214
C:\Users\Sarthak\Desktop\jfreechart-0.9.14\src\org\jfree\data\xml\DatasetReader.java,154,55,44,4,22,0,77,361,36,213
C:\Users\Sarthak\Desktop\jfreechart-0.9.14\src\org\jfree\data\xml\DatasetTags.java,66,9,8,0,10,0,47,272,36,216
C:\Users\Sarthak\Desktop\jfreechart-0.9.14\src\org\jfree\data\xml\ItemHandler.java,166,58,40,4,20,0,88,405,36,216
C:\Users\Sarthak\Desktop\jfreechart-0.9.14\src\org\jfree\data\xml\KeyHandler.java,154,48,31,4,19,0,87,413,36,214
C:\Users\Sarthak\Desktop\jfreechart-0.9.14\src\org\jfree\data\xml\PieDatasetHandler.java,133,43,28,3,15,0,75,349,36,216
C:\Users\Sarthak\Desktop\jfreechart-0.9.14\src\org\jfree\data\xml\RootHandler.java,130,37,26,7,19,0,74,344,36,214
C:\Users\Sarthak\Desktop\jfreechart-0.9.14\src\org\jfree\data\xml\ValueHandler.java,151,48,31,4,18,0,85,408,36,214
